booking_id,start_time,duration_hours,jet_ski_id,river,price_usd,damage_reported,customer_id
1000,2025-06-26 13:00:00,1,JS01,Allegheny,81.18,0,C38657
1001,2025-06-26 13:00:00,2,JS04,Ohio,173.86,0,C13478
1002,2025-06-26 13:00:00,2,JS09,Allegheny,189.58,0,C95181
1003,2025-06-26 14:00:00,2,JS04,Monongahela,191.22,0,C46463
1004,2025-06-26 14:00:00,2,JS01,Allegheny,178.07,0,C65392
1005,2025-06-26 14:00:00,1,JS06,Monongahela,93.47,0,C38221
1006,2025-06-26 15:00:00,1,JS02,Allegheny,85.05,0,C22676
1007,2025-06-26 15:00:00,2,JS06,Monongahela,183.95,0,C44671
1008,2025-06-26 19:00:00,1,JS09,Allegheny,83.81,0,C20328
1009,2025-06-26 19:00:00,2,JS09,Monongahela,182.46,0,C91070
1010,2025-06-26 19:00:00,1,JS06,Ohio,89.54,0,C19116
1011,2025-06-27 09:00:00,2,JS05,Monongahela,182.86,0,C57819
1012,2025-06-27 09:00:00,1,JS03,Monongahela,91.25,0,C37460
1013,2025-06-27 09:00:00,2,JS11,Monongahela,180.67,0,C99593
1014,2025-06-27 12:00:00,1,JS09,Ohio,85.19,0,C31417
1015,2025-06-27 13:00:00,2,JS07,Monongahela,173.17,0,C83000
1016,2025-06-27 13:00:00,1,JS04,Ohio,90.07,0,C17331
1017,2025-06-27 13:00:00,1,JS04,Allegheny,85.65,0,C62581
1018,2025-06-27 15:00:00,2,JS02,Allegheny,166.8,0,C51245
1019,2025-06-27 15:00:00,1,JS04,Ohio,96.62,0,C61856
1020,2025-06-27 16:00:00,1,JS03,Monongahela,82.91,0,C42325
1021,2025-06-27 16:00:00,2,JS12,Ohio,191.09,0,C44438
1022,2025-06-27 16:00:00,1,JS12,Ohio,83.05,0,C86484
1023,2025-06-27 19:00:00,1,JS06,Allegheny,96.02,0,C76784
1024,2025-06-27 19:00:00,1,JS08,Allegheny,92.64,0,C24371
1025,2025-06-27 19:00:00,1,JS03,Ohio,90.52,0,C99192
1026,2025-06-28 10:00:00,2,JS09,Monongahela,185.0,0,C11504
1027,2025-06-28 10:00:00,1,JS11,Ohio,88.83,0,C99353
1028,2025-06-28 10:00:00,2,JS09,Monongahela,181.64,0,C54587
1029,2025-06-28 13:00:00,1,JS07,Allegheny,93.45,0,C10425
1030,2025-06-28 13:00:00,1,JS12,Ohio,83.94,0,C75612
1031,2025-06-28 15:00:00,2,JS09,Allegheny,167.24,0,C49117
1032,2025-06-28 18:00:00,1,JS03,Monongahela,90.51,0,C80697
1033,2025-06-29 11:00:00,1,JS02,Ohio,82.92,0,C26828
1034,2025-06-29 11:00:00,2,JS11,Monongahela,193.25,0,C31643
1035,2025-06-29 11:00:00,2,JS05,Ohio,184.54,0,C65461
1036,2025-06-29 13:00:00,2,JS09,Ohio,166.05,0,C36365
1037,2025-06-29 14:00:00,2,JS07,Ohio,171.27,0,C58944
1038,2025-06-29 14:00:00,1,JS08,Ohio,85.68,0,C25860
1039,2025-06-29 15:00:00,1,JS04,Allegheny,97.97,0,C12757
1040,2025-06-29 16:00:00,1,JS10,Allegheny,96.03,0,C19305
1041,2025-06-29 18:00:00,1,JS02,Allegheny,83.03,0,C19287
1042,2025-06-29 19:00:00,1,JS05,Ohio,85.95,0,C38080
1043,2025-06-30 11:00:00,1,JS07,Allegheny,87.14,0,C22704
1044,2025-06-30 11:00:00,1,JS11,Monongahela,85.74,0,C65519
1045,2025-06-30 11:00:00,2,JS07,Monongahela,195.5,0,C17100
1046,2025-06-30 17:00:00,1,JS12,Monongahela,93.54,0,C42591
1047,2025-06-30 17:00:00,2,JS04,Allegheny,192.11,0,C68800
1048,2025-06-30 17:00:00,1,JS03,Monongahela,98.56,0,C46509
1049,2025-07-01 13:00:00,1,JS03,Monongahela,95.79,0,C73092
1050,2025-07-01 15:00:00,1,JS07,Allegheny,92.65,0,C59672
1051,2025-07-01 19:00:00,1,JS05,Monongahela,92.7,0,C65444
1052,2025-07-01 19:00:00,2,JS12,Ohio,194.83,0,C96752
1053,2025-07-01 19:00:00,1,JS12,Monongahela,81.72,0,C34890
1054,2025-07-02 11:00:00,1,JS09,Ohio,95.88,0,C17455
1055,2025-07-02 11:00:00,1,JS09,Allegheny,89.27,0,C18981
1056,2025-07-02 11:00:00,2,JS10,Allegheny,177.37,0,C40828
1057,2025-07-02 12:00:00,1,JS02,Ohio,97.71,0,C85880
1058,2025-07-02 12:00:00,2,JS10,Allegheny,173.22,0,C20745
1059,2025-07-02 12:00:00,2,JS07,Ohio,164.38,0,C84085
1060,2025-07-02 13:00:00,2,JS05,Allegheny,174.96,0,C51180
1061,2025-07-02 13:00:00,1,JS04,Monongahela,87.4,0,C27154
1062,2025-07-02 14:00:00,1,JS08,Monongahela,92.92,0,C11220
1063,2025-07-02 14:00:00,2,JS08,Ohio,171.65,0,C23104
1064,2025-07-02 17:00:00,1,JS09,Monongahela,83.25,0,C55745
1065,2025-07-03 10:00:00,2,JS08,Ohio,163.43,0,C49651
1066,2025-07-03 13:00:00,1,JS11,Allegheny,96.65,0,C44664
1067,2025-07-03 13:00:00,2,JS02,Allegheny,178.17,0,C82512
1068,2025-07-03 14:00:00,2,JS05,Monongahela,164.77,0,C37607
1069,2025-07-04 09:00:00,1,JS05,Allegheny,95.78,0,C53719
1070,2025-07-04 09:00:00,1,JS03,Ohio,88.58,0,C31178
1071,2025-07-04 09:00:00,2,JS12,Monongahela,193.58,0,C66057
1072,2025-07-04 14:00:00,1,JS09,Allegheny,90.91,0,C86350
1073,2025-07-04 16:00:00,1,JS07,Allegheny,82.83,0,C50404
1074,2025-07-04 19:00:00,1,JS01,Monongahela,95.77,0,C99399
1075,2025-07-04 19:00:00,1,JS04,Ohio,81.88,0,C56357
1076,2025-07-05 09:00:00,2,JS07,Ohio,177.77,0,C42527
1077,2025-07-05 09:00:00,2,JS05,Allegheny,181.67,0,C24168
1078,2025-07-05 10:00:00,1,JS01,Monongahela,94.62,0,C36158
1079,2025-07-05 10:00:00,1,JS08,Monongahela,84.36,0,C39831
1080,2025-07-05 10:00:00,2,JS04,Allegheny,168.63,0,C35313
1081,2025-07-05 11:00:00,1,JS06,Monongahela,91.58,0,C46585
1082,2025-07-05 11:00:00,2,JS06,Ohio,162.63,0,C62386
1083,2025-07-05 11:00:00,1,JS11,Ohio,91.31,0,C13617
1084,2025-07-05 14:00:00,1,JS03,Ohio,86.88,0,C15014
1085,2025-07-05 14:00:00,1,JS02,Ohio,91.73,0,C55309
1086,2025-07-05 15:00:00,2,JS07,Ohio,162.96,0,C25157
1087,2025-07-05 15:00:00,1,JS07,Ohio,92.26,0,C43386
1088,2025-07-05 17:00:00,2,JS01,Ohio,188.7,0,C97900
1089,2025-07-05 17:00:00,1,JS04,Monongahela,84.71,0,C19171
1090,2025-07-05 17:00:00,2,JS11,Monongahela,166.54,0,C51145
1091,2025-07-05 19:00:00,2,JS09,Monongahela,186.34,0,C63528
1092,2025-07-05 19:00:00,2,JS06,Monongahela,196.66,0,C48752
1093,2025-07-06 11:00:00,1,JS10,Ohio,84.31,0,C63225
1094,2025-07-06 14:00:00,1,JS05,Allegheny,95.63,0,C86019
1095,2025-07-06 14:00:00,1,JS10,Ohio,92.13,0,C70946
1096,2025-07-06 15:00:00,1,JS08,Ohio,93.66,0,C77000
1097,2025-07-06 15:00:00,1,JS08,Ohio,82.01,0,C96356
1098,2025-07-06 15:00:00,2,JS02,Monongahela,192.63,0,C97012
1099,2025-07-06 17:00:00,2,JS02,Allegheny,185.06,0,C50687
1100,2025-07-06 17:00:00,1,JS04,Allegheny,98.24,0,C13201
1101,2025-07-07 10:00:00,1,JS11,Ohio,91.44,0,C60328
1102,2025-07-07 10:00:00,1,JS08,Monongahela,93.82,0,C29342
1103,2025-07-07 10:00:00,1,JS11,Ohio,85.24,0,C23970
1104,2025-07-07 12:00:00,2,JS04,Allegheny,194.93,0,C77889
1105,2025-07-07 12:00:00,2,JS08,Allegheny,167.19,0,C42662
1106,2025-07-07 12:00:00,1,JS02,Monongahela,90.01,0,C70901
1107,2025-07-07 16:00:00,2,JS08,Ohio,167.28,0,C76162
1108,2025-07-07 16:00:00,1,JS07,Ohio,85.19,0,C30861
1109,2025-07-07 18:00:00,1,JS08,Monongahela,93.3,0,C93579
1110,2025-07-07 18:00:00,1,JS05,Ohio,94.59,0,C92149
1111,2025-07-07 18:00:00,1,JS04,Monongahela,89.06,0,C20155
1112,2025-07-08 12:00:00,1,JS09,Allegheny,98.71,0,C29769
1113,2025-07-08 12:00:00,2,JS04,Monongahela,172.61,0,C30028
1114,2025-07-08 13:00:00,1,JS02,Monongahela,91.16,0,C53369
1115,2025-07-08 14:00:00,1,JS07,Allegheny,97.48,0,C65069
1116,2025-07-08 14:00:00,2,JS07,Ohio,194.25,0,C12560
1117,2025-07-08 14:00:00,1,JS10,Monongahela,92.82,0,C10772
1118,2025-07-08 19:00:00,1,JS05,Monongahela,84.04,0,C80545
1119,2025-07-08 19:00:00,2,JS12,Ohio,178.3,0,C89069
1120,2025-07-09 09:00:00,2,JS06,Ohio,186.37,0,C62994
1121,2025-07-09 09:00:00,1,JS12,Allegheny,84.39,0,C26728
1122,2025-07-09 09:00:00,1,JS10,Ohio,82.67,0,C61645
1123,2025-07-09 15:00:00,1,JS03,Monongahela,82.88,0,C16590
1124,2025-07-09 15:00:00,1,JS05,Monongahela,95.32,0,C37742
1125,2025-07-09 15:00:00,1,JS08,Monongahela,83.35,0,C59692
1126,2025-07-09 16:00:00,1,JS07,Monongahela,84.55,0,C71644
1127,2025-07-09 16:00:00,2,JS01,Ohio,168.01,0,C16826
1128,2025-07-09 17:00:00,1,JS04,Ohio,95.79,0,C95426
1129,2025-07-09 17:00:00,1,JS01,Allegheny,92.8,0,C36130
1130,2025-07-10 09:00:00,1,JS08,Ohio,93.19,0,C58351
1131,2025-07-10 11:00:00,2,JS10,Ohio,184.63,0,C25012
1132,2025-07-10 12:00:00,2,JS05,Allegheny,163.4,0,C13365
1133,2025-07-10 14:00:00,1,JS10,Ohio,97.04,0,C61990
1134,2025-07-10 14:00:00,1,JS12,Allegheny,95.98,0,C87607
1135,2025-07-10 17:00:00,1,JS02,Ohio,83.95,0,C99687
1136,2025-07-11 11:00:00,1,JS08,Allegheny,93.14,0,C57472
1137,2025-07-11 11:00:00,2,JS11,Monongahela,197.48,0,C30052
1138,2025-07-11 11:00:00,2,JS07,Allegheny,170.77,0,C78386
1139,2025-07-11 13:00:00,1,JS10,Ohio,82.93,0,C70931
1140,2025-07-11 13:00:00,2,JS07,Ohio,194.77,0,C45179
1141,2025-07-11 14:00:00,1,JS04,Allegheny,92.35,0,C69087
1142,2025-07-11 14:00:00,2,JS04,Monongahela,177.76,0,C89997
1143,2025-07-11 15:00:00,1,JS06,Allegheny,94.72,0,C52600
1144,2025-07-11 15:00:00,1,JS03,Monongahela,97.93,0,C56507
1145,2025-07-11 15:00:00,1,JS05,Monongahela,96.75,0,C88139
1146,2025-07-11 17:00:00,2,JS09,Allegheny,171.1,0,C35042
1147,2025-07-11 17:00:00,2,JS02,Allegheny,171.65,0,C63271
1148,2025-07-11 19:00:00,2,JS09,Allegheny,184.79,0,C72402
1149,2025-07-11 19:00:00,1,JS11,Ohio,85.63,0,C68743
1150,2025-07-11 19:00:00,1,JS01,Allegheny,81.51,0,C39045
1151,2025-07-12 12:00:00,2,JS07,Ohio,184.56,0,C53357
1152,2025-07-12 12:00:00,1,JS06,Ohio,95.81,0,C45509
1153,2025-07-12 13:00:00,1,JS05,Allegheny,92.74,0,C35242
1154,2025-07-12 13:00:00,2,JS06,Allegheny,183.46,0,C80236
1155,2025-07-12 14:00:00,2,JS04,Allegheny,162.61,0,C73464
1156,2025-07-12 15:00:00,2,JS12,Ohio,171.71,0,C88222
1157,2025-07-12 15:00:00,1,JS05,Allegheny,98.99,0,C48829
1158,2025-07-12 17:00:00,1,JS06,Allegheny,85.77,0,C11854
1159,2025-07-12 18:00:00,1,JS05,Allegheny,98.38,0,C82529
1160,2025-07-13 09:00:00,1,JS06,Allegheny,90.05,0,C43092
1161,2025-07-13 09:00:00,1,JS08,Allegheny,83.44,0,C62521
1162,2025-07-13 09:00:00,2,JS08,Allegheny,196.72,0,C92502
1163,2025-07-13 11:00:00,1,JS03,Ohio,86.39,0,C21164
1164,2025-07-13 12:00:00,1,JS02,Ohio,85.89,0,C89471
1165,2025-07-13 13:00:00,1,JS09,Monongahela,87.81,0,C68028
1166,2025-07-13 15:00:00,1,JS10,Monongahela,87.16,0,C84531
1167,2025-07-13 15:00:00,2,JS10,Allegheny,184.67,0,C23006
1168,2025-07-13 16:00:00,1,JS11,Allegheny,84.0,0,C96563
1169,2025-07-13 18:00:00,2,JS04,Allegheny,191.55,0,C19838
1170,2025-07-13 19:00:00,1,JS01,Monongahela,82.26,0,C87832
1171,2025-07-14 09:00:00,2,JS12,Monongahela,166.33,0,C69510
1172,2025-07-14 09:00:00,1,JS02,Ohio,97.72,0,C44675
1173,2025-07-14 12:00:00,2,JS07,Allegheny,192.35,0,C39466
1174,2025-07-14 13:00:00,1,JS05,Allegheny,93.75,0,C17816
1175,2025-07-14 16:00:00,2,JS05,Ohio,168.26,0,C84607
1176,2025-07-15 10:00:00,1,JS12,Monongahela,92.47,0,C75597
1177,2025-07-15 10:00:00,1,JS09,Monongahela,87.51,0,C20543
1178,2025-07-15 16:00:00,2,JS12,Monongahela,197.86,0,C42816
1179,2025-07-15 16:00:00,1,JS01,Allegheny,95.69,0,C98381
1180,2025-07-15 16:00:00,1,JS10,Ohio,95.34,0,C98117
1181,2025-07-15 18:00:00,1,JS10,Allegheny,96.96,0,C71669
1182,2025-07-15 18:00:00,1,JS09,Ohio,91.88,0,C46458
1183,2025-07-16 09:00:00,2,JS06,Monongahela,177.03,0,C23710
1184,2025-07-16 09:00:00,1,JS03,Monongahela,82.68,1,C74942
1185,2025-07-16 09:00:00,1,JS05,Ohio,96.72,0,C82102
1186,2025-07-16 12:00:00,1,JS02,Monongahela,84.81,0,C52372
1187,2025-07-16 12:00:00,2,JS02,Monongahela,173.52,0,C10150
1188,2025-07-16 12:00:00,1,JS11,Ohio,83.93,0,C64165
1189,2025-07-16 16:00:00,2,JS09,Monongahela,192.66,0,C75338
1190,2025-07-16 18:00:00,1,JS01,Allegheny,88.32,0,C81987
1191,2025-07-16 18:00:00,1,JS03,Monongahela,83.59,1,C73532
1192,2025-07-16 18:00:00,2,JS02,Allegheny,162.72,0,C89806
1193,2025-07-16 19:00:00,1,JS12,Allegheny,89.2,0,C82199
1194,2025-07-17 09:00:00,1,JS02,Ohio,81.13,0,C75323
1195,2025-07-17 09:00:00,2,JS12,Monongahela,187.85,0,C45838
1196,2025-07-17 09:00:00,1,JS07,Monongahela,94.18,0,C41946
1197,2025-07-17 10:00:00,1,JS09,Allegheny,95.64,0,C34983
1198,2025-07-17 10:00:00,2,JS10,Ohio,169.59,0,C27892
1199,2025-07-17 10:00:00,1,JS02,Monongahela,92.3,0,C54548
1200,2025-07-17 15:00:00,2,JS01,Monongahela,176.96,0,C49132
1201,2025-07-17 15:00:00,2,JS10,Ohio,193.21,0,C74178
1202,2025-07-17 16:00:00,1,JS08,Ohio,89.07,0,C55236
1203,2025-07-17 17:00:00,1,JS09,Ohio,84.68,0,C69682
1204,2025-07-17 17:00:00,2,JS06,Allegheny,174.91,0,C41300
1205,2025-07-17 19:00:00,1,JS04,Monongahela,89.64,0,C51704
1206,2025-07-17 19:00:00,2,JS12,Monongahela,182.37,0,C59968
1207,2025-07-17 19:00:00,2,JS07,Ohio,190.83,0,C29936
1208,2025-07-18 11:00:00,1,JS01,Ohio,93.94,0,C63736
1209,2025-07-18 11:00:00,1,JS11,Allegheny,89.86,0,C71537
1210,2025-07-18 11:00:00,2,JS05,Monongahela,178.7,0,C62098
1211,2025-07-18 14:00:00,1,JS11,Ohio,97.47,0,C51505
1212,2025-07-18 14:00:00,1,JS11,Ohio,98.14,0,C80912
1213,2025-07-18 18:00:00,1,JS11,Ohio,92.37,0,C39817
1214,2025-07-19 10:00:00,1,JS06,Monongahela,83.33,0,C29080
1215,2025-07-19 10:00:00,1,JS04,Ohio,82.78,0,C84177
1216,2025-07-19 11:00:00,1,JS03,Allegheny,89.04,0,C89887
1217,2025-07-19 12:00:00,1,JS10,Ohio,84.97,0,C75230
1218,2025-07-19 12:00:00,1,JS10,Allegheny,88.31,0,C70443
1219,2025-07-19 12:00:00,1,JS11,Monongahela,93.79,0,C43466
1220,2025-07-19 15:00:00,2,JS05,Ohio,180.62,0,C30706
1221,2025-07-19 15:00:00,1,JS02,Monongahela,98.72,0,C87014
1222,2025-07-19 15:00:00,1,JS05,Ohio,86.14,0,C42780
1223,2025-07-19 16:00:00,1,JS05,Allegheny,82.97,0,C73335
1224,2025-07-19 16:00:00,1,JS02,Allegheny,84.15,0,C84963
1225,2025-07-19 16:00:00,1,JS06,Ohio,85.42,0,C48696
1226,2025-07-19 18:00:00,2,JS05,Allegheny,189.97,0,C99889
1227,2025-07-19 18:00:00,2,JS12,Allegheny,184.12,0,C75107
1228,2025-07-19 18:00:00,2,JS05,Allegheny,164.83,0,C56179
1229,2025-07-19 19:00:00,2,JS11,Allegheny,170.94,0,C42850
1230,2025-07-20 10:00:00,1,JS06,Ohio,88.01,0,C33021
1231,2025-07-20 10:00:00,2,JS04,Allegheny,186.65,0,C57953
1232,2025-07-20 11:00:00,1,JS03,Monongahela,85.3,0,C48684
1233,2025-07-20 11:00:00,1,JS12,Monongahela,88.4,0,C71385
1234,2025-07-20 13:00:00,2,JS04,Ohio,162.71,0,C98395
1235,2025-07-20 14:00:00,1,JS09,Monongahela,98.38,0,C61717
1236,2025-07-20 14:00:00,2,JS01,Monongahela,174.19,1,C26199
1237,2025-07-20 14:00:00,2,JS08,Monongahela,186.49,0,C98125
1238,2025-07-20 15:00:00,2,JS10,Monongahela,167.28,0,C58689
1239,2025-07-20 15:00:00,1,JS02,Ohio,95.22,0,C71797
1240,2025-07-20 18:00:00,2,JS10,Allegheny,163.61,0,C18285
1241,2025-07-20 18:00:00,2,JS11,Monongahela,173.12,0,C49608
1242,2025-07-20 19:00:00,1,JS02,Allegheny,94.86,0,C14877
1243,2025-07-20 19:00:00,1,JS05,Monongahela,88.21,0,C22739
1244,2025-07-20 19:00:00,1,JS04,Ohio,88.32,0,C60940
1245,2025-07-21 10:00:00,1,JS11,Allegheny,89.71,0,C90694
1246,2025-07-21 10:00:00,1,JS07,Monongahela,97.34,0,C58566
1247,2025-07-21 10:00:00,1,JS04,Monongahela,97.86,0,C40947
1248,2025-07-21 13:00:00,1,JS02,Ohio,95.24,0,C81364
1249,2025-07-21 13:00:00,1,JS11,Monongahela,95.49,0,C62184
1250,2025-07-21 14:00:00,1,JS04,Allegheny,86.2,0,C22015
1251,2025-07-21 14:00:00,2,JS11,Allegheny,163.79,0,C93819
1252,2025-07-21 17:00:00,2,JS04,Allegheny,181.35,0,C36896
1253,2025-07-21 17:00:00,1,JS02,Ohio,92.61,1,C86858
1254,2025-07-21 18:00:00,1,JS04,Monongahela,98.29,0,C88116
1255,2025-07-22 09:00:00,2,JS03,Allegheny,167.15,1,C13379
1256,2025-07-22 09:00:00,1,JS03,Allegheny,91.2,0,C41186
1257,2025-07-22 11:00:00,1,JS01,Allegheny,92.99,0,C16868
1258,2025-07-22 11:00:00,1,JS03,Ohio,81.24,0,C78955
1259,2025-07-23 12:00:00,1,JS08,Ohio,89.27,0,C17972
1260,2025-07-23 12:00:00,1,JS08,Monongahela,82.3,0,C99928
1261,2025-07-23 14:00:00,1,JS12,Monongahela,90.06,0,C20589
1262,2025-07-23 14:00:00,1,JS06,Ohio,89.74,0,C18609
1263,2025-07-23 14:00:00,2,JS03,Monongahela,185.34,0,C92978
1264,2025-07-23 16:00:00,2,JS07,Ohio,193.41,0,C48652
1265,2025-07-23 16:00:00,2,JS08,Ohio,167.66,0,C66387
1266,2025-07-24 10:00:00,1,JS08,Monongahela,90.33,0,C22463
1267,2025-07-24 10:00:00,1,JS06,Monongahela,92.28,0,C97177
1268,2025-07-24 12:00:00,2,JS06,Allegheny,190.93,0,C72163
1269,2025-07-24 12:00:00,1,JS02,Allegheny,98.62,0,C22219
1270,2025-07-24 15:00:00,2,JS02,Ohio,178.38,0,C58843
1271,2025-07-24 15:00:00,1,JS03,Ohio,83.38,0,C86869
1272,2025-07-24 15:00:00,1,JS09,Ohio,90.83,0,C97819
1273,2025-07-24 17:00:00,1,JS06,Ohio,88.52,0,C16743
1274,2025-07-24 17:00:00,1,JS05,Ohio,96.41,0,C56090
1275,2025-07-24 17:00:00,2,JS02,Ohio,165.27,0,C37884
1276,2025-07-24 18:00:00,1,JS11,Monongahela,96.75,0,C24184
1277,2025-07-24 19:00:00,1,JS09,Monongahela,93.96,0,C46512
1278,2025-07-24 19:00:00,1,JS10,Allegheny,92.22,0,C83526
1279,2025-07-25 09:00:00,1,JS01,Allegheny,95.2,0,C50499
1280,2025-07-25 09:00:00,1,JS06,Monongahela,92.51,0,C33777
1281,2025-07-25 17:00:00,1,JS10,Ohio,93.85,0,C19120
1282,2025-07-25 18:00:00,1,JS12,Ohio,83.28,0,C22026
1283,2025-07-25 19:00:00,1,JS07,Monongahela,91.68,0,C54681
1284,2025-07-26 09:00:00,2,JS10,Allegheny,177.39,0,C20693
1285,2025-07-26 11:00:00,1,JS08,Ohio,93.61,0,C73656
1286,2025-07-26 11:00:00,1,JS10,Monongahela,82.9,0,C45804
1287,2025-07-26 12:00:00,1,JS09,Allegheny,95.66,0,C66349
1288,2025-07-26 14:00:00,2,JS11,Ohio,180.49,0,C73783
1289,2025-07-26 14:00:00,1,JS09,Ohio,90.64,0,C15952
1290,2025-07-26 15:00:00,1,JS07,Ohio,96.27,0,C11007
1291,2025-07-26 16:00:00,1,JS05,Allegheny,89.49,0,C43491
1292,2025-07-26 17:00:00,1,JS06,Allegheny,96.24,0,C75193
1293,2025-07-26 17:00:00,1,JS12,Monongahela,88.26,0,C26932
1294,2025-07-26 18:00:00,1,JS09,Ohio,89.85,0,C75570
1295,2025-07-26 18:00:00,1,JS09,Ohio,85.29,0,C19447
1296,2025-07-26 18:00:00,1,JS07,Ohio,89.76,0,C67176
1297,2025-07-27 10:00:00,1,JS03,Ohio,82.92,0,C57428
1298,2025-07-27 10:00:00,1,JS02,Monongahela,98.09,0,C41891
1299,2025-07-27 11:00:00,2,JS10,Monongahela,168.08,0,C20308
1300,2025-07-27 11:00:00,2,JS07,Monongahela,173.06,0,C54500
1301,2025-07-27 11:00:00,1,JS04,Monongahela,86.82,0,C20011
1302,2025-07-27 13:00:00,2,JS06,Monongahela,181.86,0,C94599
1303,2025-07-27 14:00:00,1,JS04,Allegheny,89.05,0,C43550
1304,2025-07-27 15:00:00,1,JS03,Ohio,87.79,0,C95918
1305,2025-07-27 17:00:00,1,JS11,Monongahela,85.38,0,C83889
1306,2025-07-27 18:00:00,2,JS11,Ohio,189.34,0,C93269
1307,2025-07-27 18:00:00,2,JS10,Monongahela,187.53,0,C51436
1308,2025-07-27 18:00:00,1,JS03,Monongahela,88.54,0,C71462
1309,2025-07-28 09:00:00,1,JS08,Monongahela,87.1,0,C17456
1310,2025-07-28 09:00:00,1,JS06,Monongahela,84.69,0,C94497
1311,2025-07-28 13:00:00,2,JS08,Ohio,163.88,0,C15376
1312,2025-07-28 13:00:00,2,JS08,Ohio,169.14,0,C34672
1313,2025-07-28 13:00:00,1,JS06,Ohio,87.35,0,C75715
1314,2025-07-28 16:00:00,1,JS01,Monongahela,86.75,0,C55015
1315,2025-07-28 18:00:00,2,JS01,Allegheny,166.56,0,C67377
1316,2025-07-28 19:00:00,2,JS09,Ohio,179.75,0,C30807
1317,2025-07-28 19:00:00,1,JS06,Monongahela,84.53,0,C60779
1318,2025-07-28 19:00:00,2,JS07,Monongahela,197.15,0,C88366
1319,2025-07-29 09:00:00,2,JS05,Ohio,195.24,0,C88997
1320,2025-07-29 09:00:00,1,JS03,Monongahela,85.86,0,C86380
1321,2025-07-29 10:00:00,2,JS06,Monongahela,185.72,0,C96787
1322,2025-07-29 12:00:00,2,JS03,Ohio,171.54,0,C21104
1323,2025-07-29 12:00:00,1,JS05,Ohio,81.94,0,C94343
1324,2025-07-29 12:00:00,2,JS06,Allegheny,162.14,0,C99838
1325,2025-07-29 14:00:00,1,JS09,Monongahela,95.44,0,C57526
1326,2025-07-29 14:00:00,1,JS05,Allegheny,90.18,0,C54791
1327,2025-07-29 14:00:00,1,JS08,Allegheny,83.72,0,C28030
1328,2025-07-29 18:00:00,1,JS02,Monongahela,87.77,0,C76543
1329,2025-07-30 10:00:00,1,JS12,Monongahela,90.71,0,C63852
1330,2025-07-30 11:00:00,1,JS11,Ohio,81.32,0,C68222
1331,2025-07-30 11:00:00,2,JS10,Monongahela,176.78,0,C68841
1332,2025-07-30 14:00:00,1,JS09,Allegheny,92.47,0,C71474
1333,2025-07-30 15:00:00,2,JS06,Ohio,178.79,0,C67749
1334,2025-07-30 16:00:00,2,JS05,Monongahela,165.9,0,C79135
1335,2025-07-30 16:00:00,1,JS07,Allegheny,95.1,0,C89254
1336,2025-07-30 16:00:00,1,JS03,Monongahela,90.22,0,C94040
1337,2025-07-30 18:00:00,1,JS06,Ohio,92.25,0,C77621
1338,2025-07-30 18:00:00,1,JS02,Monongahela,91.44,0,C31012
1339,2025-07-30 18:00:00,2,JS05,Monongahela,163.81,0,C29313
1340,2025-07-30 19:00:00,1,JS02,Allegheny,84.37,0,C55820
1341,2025-07-30 19:00:00,1,JS01,Monongahela,94.38,0,C61964
1342,2025-07-30 19:00:00,1,JS09,Monongahela,83.45,0,C60615
1343,2025-07-31 09:00:00,1,JS03,Allegheny,83.79,0,C47601
1344,2025-07-31 09:00:00,1,JS08,Ohio,85.48,0,C71487
1345,2025-07-31 10:00:00,1,JS10,Allegheny,85.58,0,C12490
1346,2025-07-31 10:00:00,1,JS05,Allegheny,88.33,0,C81932
1347,2025-07-31 10:00:00,2,JS12,Ohio,164.01,0,C65476
1348,2025-07-31 12:00:00,1,JS04,Monongahela,81.95,0,C16258
1349,2025-07-31 12:00:00,2,JS04,Monongahela,163.96,0,C91633
1350,2025-07-31 14:00:00,1,JS02,Allegheny,90.21,0,C88215
1351,2025-07-31 14:00:00,2,JS09,Allegheny,182.22,0,C77551
1352,2025-07-31 14:00:00,2,JS10,Allegheny,169.12,0,C28818
1353,2025-07-31 16:00:00,2,JS07,Allegheny,183.37,0,C56244
1354,2025-07-31 16:00:00,1,JS04,Ohio,83.09,0,C34551
1355,2025-08-01 10:00:00,2,JS08,Allegheny,162.79,0,C60709
1356,2025-08-01 10:00:00,2,JS06,Monongahela,190.37,0,C12128
1357,2025-08-01 10:00:00,1,JS06,Allegheny,83.44,0,C41604
1358,2025-08-01 14:00:00,1,JS03,Allegheny,93.55,0,C81567
1359,2025-08-01 14:00:00,1,JS06,Ohio,95.09,0,C99742
1360,2025-08-01 16:00:00,2,JS12,Monongahela,186.91,0,C33891
1361,2025-08-01 16:00:00,2,JS03,Allegheny,170.76,0,C69988
1362,2025-08-01 16:00:00,1,JS01,Monongahela,84.77,0,C15741
1363,2025-08-01 17:00:00,1,JS01,Monongahela,93.66,0,C77552
1364,2025-08-01 19:00:00,1,JS09,Monongahela,97.56,0,C14799
1365,2025-08-01 19:00:00,1,JS11,Allegheny,82.63,0,C56789
1366,2025-08-01 19:00:00,1,JS01,Ohio,85.65,0,C45811
1367,2025-08-02 10:00:00,1,JS06,Allegheny,88.24,0,C75211
1368,2025-08-02 10:00:00,1,JS06,Ohio,89.94,0,C20828
1369,2025-08-02 10:00:00,1,JS12,Monongahela,88.22,0,C66440
1370,2025-08-02 12:00:00,1,JS09,Monongahela,94.91,0,C23447
1371,2025-08-02 15:00:00,1,JS11,Monongahela,83.76,0,C68447
1372,2025-08-02 15:00:00,1,JS10,Ohio,87.72,0,C31842
1373,2025-08-02 17:00:00,1,JS06,Monongahela,95.37,0,C56210
1374,2025-08-02 17:00:00,1,JS10,Monongahela,84.43,0,C93816
1375,2025-08-02 17:00:00,2,JS01,Allegheny,165.81,0,C93560
1376,2025-08-02 18:00:00,2,JS06,Ohio,166.37,0,C99051
1377,2025-08-02 18:00:00,1,JS03,Allegheny,95.05,0,C89635
1378,2025-08-02 18:00:00,1,JS11,Monongahela,91.41,0,C26545
1379,2025-08-03 09:00:00,1,JS06,Monongahela,90.97,0,C85225
1380,2025-08-03 09:00:00,1,JS03,Ohio,87.82,0,C62171
1381,2025-08-03 10:00:00,1,JS11,Monongahela,92.6,0,C24869
1382,2025-08-03 10:00:00,1,JS01,Ohio,96.6,0,C75410
1383,2025-08-03 11:00:00,1,JS09,Allegheny,97.56,0,C44116
1384,2025-08-03 11:00:00,1,JS12,Monongahela,90.79,0,C90199
1385,2025-08-03 11:00:00,1,JS05,Ohio,94.62,0,C36237
1386,2025-08-03 13:00:00,1,JS02,Monongahela,84.0,0,C68341
1387,2025-08-03 15:00:00,2,JS11,Monongahela,187.92,0,C18511
1388,2025-08-03 15:00:00,1,JS09,Ohio,89.35,0,C49315
1389,2025-08-03 17:00:00,2,JS12,Ohio,174.15,1,C93584
1390,2025-08-03 18:00:00,1,JS06,Ohio,88.21,0,C25907
1391,2025-08-03 19:00:00,1,JS03,Allegheny,92.15,0,C13445
1392,2025-08-04 14:00:00,2,JS07,Ohio,192.11,0,C72739
1393,2025-08-04 14:00:00,1,JS09,Monongahela,83.17,0,C85353
1394,2025-08-04 16:00:00,1,JS06,Ohio,83.82,0,C68979
1395,2025-08-04 17:00:00,1,JS11,Ohio,96.17,0,C26821
1396,2025-08-04 17:00:00,2,JS09,Ohio,197.33,0,C33850
1397,2025-08-04 17:00:00,2,JS03,Monongahela,172.91,0,C17263
1398,2025-08-05 11:00:00,1,JS06,Ohio,87.3,0,C55353
1399,2025-08-05 13:00:00,1,JS02,Monongahela,82.18,0,C93238
1400,2025-08-05 13:00:00,1,JS09,Monongahela,91.64,0,C91922
1401,2025-08-05 17:00:00,1,JS10,Ohio,85.6,0,C75873
1402,2025-08-05 17:00:00,2,JS11,Allegheny,192.37,0,C86106
1403,2025-08-05 18:00:00,2,JS03,Ohio,191.77,0,C89316
1404,2025-08-06 09:00:00,2,JS11,Allegheny,189.44,0,C64602
1405,2025-08-06 09:00:00,1,JS10,Ohio,84.74,0,C75278
1406,2025-08-06 14:00:00,1,JS11,Monongahela,96.62,0,C42096
1407,2025-08-06 14:00:00,1,JS11,Monongahela,98.4,0,C69446
1408,2025-08-06 17:00:00,1,JS08,Monongahela,83.57,0,C70875
1409,2025-08-06 18:00:00,1,JS06,Ohio,98.13,0,C50970
1410,2025-08-07 13:00:00,1,JS04,Monongahela,96.63,0,C45058
1411,2025-08-07 13:00:00,1,JS08,Allegheny,87.3,0,C22689
1412,2025-08-07 15:00:00,1,JS07,Ohio,94.04,0,C42541
1413,2025-08-07 15:00:00,2,JS03,Monongahela,190.19,0,C50988
1414,2025-08-07 16:00:00,2,JS03,Monongahela,179.47,0,C71186
1415,2025-08-07 17:00:00,1,JS05,Monongahela,87.88,0,C21802
1416,2025-08-07 17:00:00,1,JS07,Ohio,87.77,0,C41552
1417,2025-08-07 17:00:00,1,JS04,Ohio,90.47,0,C16377
1418,2025-08-08 18:00:00,2,JS03,Monongahela,175.02,0,C57943
1419,2025-08-08 18:00:00,1,JS07,Monongahela,93.07,0,C62505
1420,2025-08-08 18:00:00,2,JS01,Ohio,171.99,0,C35513
1421,2025-08-08 19:00:00,1,JS09,Monongahela,94.02,0,C60639
1422,2025-08-08 19:00:00,2,JS09,Monongahela,185.32,0,C46663
1423,2025-08-09 09:00:00,1,JS06,Ohio,92.13,0,C28909
1424,2025-08-09 09:00:00,2,JS04,Ohio,181.65,0,C62610
1425,2025-08-09 18:00:00,1,JS12,Monongahela,82.47,0,C78069
1426,2025-08-09 19:00:00,2,JS03,Ohio,196.23,0,C28321
1427,2025-08-09 19:00:00,1,JS06,Ohio,89.4,0,C31299
1428,2025-08-09 19:00:00,2,JS07,Ohio,163.35,0,C49221
1429,2025-08-10 09:00:00,1,JS11,Allegheny,90.69,0,C86507
1430,2025-08-10 09:00:00,2,JS05,Ohio,170.75,0,C92478
1431,2025-08-10 11:00:00,2,JS05,Ohio,168.06,0,C85711
1432,2025-08-10 11:00:00,1,JS04,Ohio,89.29,0,C86483
1433,2025-08-10 11:00:00,2,JS08,Allegheny,170.91,0,C92447
1434,2025-08-10 12:00:00,1,JS03,Ohio,92.72,0,C14138
1435,2025-08-10 12:00:00,1,JS10,Ohio,88.52,0,C35006
1436,2025-08-10 12:00:00,1,JS01,Monongahela,85.93,0,C64890
1437,2025-08-10 13:00:00,1,JS07,Ohio,91.73,0,C63788
1438,2025-08-10 14:00:00,1,JS12,Ohio,81.13,0,C28098
1439,2025-08-10 14:00:00,2,JS09,Allegheny,163.35,0,C52604
1440,2025-08-10 14:00:00,2,JS11,Monongahela,195.15,0,C59391
1441,2025-08-10 16:00:00,2,JS03,Monongahela,181.46,0,C54869
1442,2025-08-10 16:00:00,2,JS09,Monongahela,196.02,0,C99226
1443,2025-08-10 17:00:00,1,JS10,Monongahela,82.17,0,C42311
1444,2025-08-10 17:00:00,1,JS05,Ohio,85.32,0,C39473
1445,2025-08-10 18:00:00,1,JS05,Ohio,89.2,0,C74094
1446,2025-08-10 18:00:00,1,JS06,Monongahela,87.42,0,C83464
1447,2025-08-10 19:00:00,2,JS05,Allegheny,180.13,0,C98686
1448,2025-08-10 19:00:00,1,JS09,Monongahela,92.95,0,C55237
1449,2025-08-11 11:00:00,1,JS08,Ohio,97.84,0,C72793
1450,2025-08-11 11:00:00,2,JS04,Allegheny,169.54,0,C45537
1451,2025-08-11 13:00:00,2,JS03,Allegheny,188.69,0,C86917
1452,2025-08-11 13:00:00,1,JS04,Allegheny,98.42,0,C97796
1453,2025-08-11 18:00:00,1,JS11,Allegheny,91.81,0,C23133
1454,2025-08-12 09:00:00,1,JS07,Ohio,81.5,0,C72580
1455,2025-08-12 10:00:00,1,JS05,Monongahela,89.27,0,C94659
1456,2025-08-12 16:00:00,2,JS09,Ohio,182.06,0,C14888
1457,2025-08-12 17:00:00,1,JS07,Allegheny,86.04,0,C62034
1458,2025-08-12 18:00:00,1,JS03,Ohio,82.59,0,C14910
1459,2025-08-12 18:00:00,2,JS01,Monongahela,189.01,0,C89007
1460,2025-08-12 18:00:00,1,JS02,Monongahela,98.83,0,C69552
1461,2025-08-13 16:00:00,1,JS09,Monongahela,89.97,0,C35272
1462,2025-08-13 18:00:00,1,JS03,Ohio,88.93,0,C94972
1463,2025-08-13 18:00:00,1,JS05,Ohio,93.32,0,C11846
1464,2025-08-13 19:00:00,2,JS05,Ohio,169.33,0,C35318
1465,2025-08-13 19:00:00,2,JS03,Ohio,164.15,0,C63148
1466,2025-08-14 09:00:00,1,JS03,Monongahela,86.92,0,C42512
1467,2025-08-14 12:00:00,1,JS07,Allegheny,90.22,0,C44995
1468,2025-08-14 12:00:00,2,JS06,Monongahela,163.72,0,C85088
1469,2025-08-14 15:00:00,2,JS11,Monongahela,192.84,0,C40972
1470,2025-08-14 15:00:00,1,JS01,Ohio,84.58,0,C71000
1471,2025-08-14 17:00:00,2,JS03,Monongahela,175.88,0,C75866
1472,2025-08-14 17:00:00,2,JS12,Monongahela,189.43,0,C25389
1473,2025-08-14 18:00:00,1,JS06,Ohio,98.79,0,C38721
1474,2025-08-14 18:00:00,1,JS03,Monongahela,82.05,0,C69634
1475,2025-08-15 10:00:00,1,JS11,Ohio,88.85,0,C78879
1476,2025-08-15 13:00:00,1,JS09,Ohio,98.06,0,C20237
1477,2025-08-15 13:00:00,1,JS10,Allegheny,85.83,0,C81781
1478,2025-08-15 13:00:00,2,JS09,Allegheny,187.97,0,C80341
1479,2025-08-15 14:00:00,2,JS03,Monongahela,193.74,0,C67912
1480,2025-08-15 16:00:00,1,JS12,Ohio,94.94,0,C21919
1481,2025-08-15 17:00:00,1,JS01,Monongahela,90.95,0,C77272
1482,2025-08-15 17:00:00,2,JS07,Monongahela,166.54,0,C17567
1483,2025-08-15 17:00:00,2,JS09,Monongahela,171.68,0,C50392
1484,2025-08-16 09:00:00,2,JS12,Allegheny,188.02,0,C17897
1485,2025-08-16 09:00:00,1,JS02,Monongahela,91.71,0,C47629
1486,2025-08-16 12:00:00,2,JS03,Allegheny,196.88,0,C94656
1487,2025-08-16 12:00:00,1,JS07,Monongahela,82.14,0,C68790
1488,2025-08-16 12:00:00,1,JS07,Monongahela,96.14,0,C99486
1489,2025-08-16 13:00:00,1,JS11,Monongahela,88.75,0,C33392
1490,2025-08-16 14:00:00,2,JS09,Allegheny,194.64,0,C39188
1491,2025-08-16 14:00:00,1,JS01,Allegheny,92.08,0,C70686
1492,2025-08-16 14:00:00,2,JS11,Ohio,163.48,0,C65591
1493,2025-08-16 15:00:00,1,JS04,Allegheny,85.77,0,C55371
1494,2025-08-16 15:00:00,1,JS03,Monongahela,98.08,0,C24790
1495,2025-08-16 15:00:00,1,JS01,Ohio,95.61,0,C90599
1496,2025-08-16 17:00:00,1,JS04,Allegheny,90.69,0,C87849
1497,2025-08-17 09:00:00,2,JS08,Allegheny,195.63,0,C38477
1498,2025-08-17 09:00:00,2,JS01,Allegheny,185.69,0,C47914
1499,2025-08-17 09:00:00,2,JS04,Ohio,185.31,0,C51799
1500,2025-08-17 12:00:00,1,JS04,Monongahela,93.85,0,C96535
1501,2025-08-17 12:00:00,1,JS09,Allegheny,90.31,0,C49387
1502,2025-08-17 14:00:00,2,JS01,Ohio,181.01,0,C32955
1503,2025-08-17 14:00:00,1,JS11,Ohio,91.66,0,C82856
1504,2025-08-17 16:00:00,2,JS01,Monongahela,184.41,1,C97994
1505,2025-08-17 16:00:00,1,JS07,Ohio,84.51,0,C64568
1506,2025-08-17 16:00:00,1,JS07,Allegheny,98.11,0,C59343
1507,2025-08-17 17:00:00,1,JS09,Monongahela,88.64,0,C39536
1508,2025-08-17 18:00:00,1,JS12,Allegheny,91.87,0,C17552
1509,2025-08-17 18:00:00,1,JS09,Monongahela,88.39,0,C83044
1510,2025-08-18 10:00:00,1,JS11,Allegheny,98.39,0,C58637
1511,2025-08-18 10:00:00,2,JS02,Ohio,175.39,0,C34966
1512,2025-08-18 12:00:00,2,JS07,Ohio,169.98,0,C89026
1513,2025-08-18 12:00:00,1,JS01,Allegheny,84.62,0,C87015
1514,2025-08-18 15:00:00,1,JS08,Allegheny,89.54,1,C49739
1515,2025-08-18 18:00:00,1,JS04,Ohio,82.53,0,C72773
1516,2025-08-19 10:00:00,2,JS07,Monongahela,189.77,0,C95029
1517,2025-08-19 10:00:00,1,JS06,Monongahela,96.38,0,C57139
1518,2025-08-19 11:00:00,2,JS08,Allegheny,163.88,0,C71537
1519,2025-08-19 11:00:00,1,JS06,Allegheny,96.22,0,C51015
1520,2025-08-19 11:00:00,2,JS07,Allegheny,180.31,0,C39002
1521,2025-08-19 12:00:00,2,JS01,Monongahela,192.43,0,C86550
1522,2025-08-19 13:00:00,1,JS05,Allegheny,98.65,0,C53236
1523,2025-08-19 13:00:00,2,JS04,Monongahela,170.12,0,C42208
1524,2025-08-19 13:00:00,2,JS08,Ohio,190.53,0,C99764
1525,2025-08-19 15:00:00,2,JS05,Monongahela,164.4,0,C94108
1526,2025-08-19 15:00:00,1,JS12,Monongahela,81.45,0,C32050
1527,2025-08-19 18:00:00,2,JS03,Allegheny,175.15,0,C81636
1528,2025-08-19 18:00:00,2,JS08,Allegheny,181.97,0,C94123
1529,2025-08-20 09:00:00,1,JS11,Allegheny,97.67,1,C29795
1530,2025-08-20 12:00:00,1,JS09,Monongahela,82.36,0,C17923
1531,2025-08-20 15:00:00,1,JS11,Monongahela,93.05,0,C10866
1532,2025-08-20 15:00:00,1,JS09,Ohio,89.28,0,C11553
1533,2025-08-20 15:00:00,2,JS01,Ohio,168.79,0,C46010
1534,2025-08-20 16:00:00,2,JS01,Ohio,196.82,0,C98346
1535,2025-08-20 16:00:00,1,JS07,Allegheny,89.91,0,C22624
1536,2025-08-20 17:00:00,2,JS04,Allegheny,182.13,0,C79003
1537,2025-08-20 18:00:00,1,JS06,Monongahela,83.6,0,C20357
1538,2025-08-20 18:00:00,1,JS06,Monongahela,87.01,0,C84055
1539,2025-08-21 10:00:00,2,JS07,Monongahela,183.08,1,C72390
1540,2025-08-21 10:00:00,1,JS01,Ohio,94.7,0,C32463
1541,2025-08-21 10:00:00,1,JS02,Monongahela,87.59,0,C94529
1542,2025-08-21 12:00:00,2,JS10,Allegheny,189.18,0,C15577
1543,2025-08-21 12:00:00,2,JS04,Allegheny,170.65,0,C84289
1544,2025-08-21 13:00:00,1,JS05,Allegheny,84.31,0,C99709
1545,2025-08-21 13:00:00,2,JS05,Ohio,167.57,0,C96259
1546,2025-08-21 13:00:00,1,JS01,Allegheny,93.55,0,C12052
1547,2025-08-21 14:00:00,2,JS10,Allegheny,175.91,0,C62205
1548,2025-08-21 19:00:00,1,JS03,Ohio,91.12,1,C84277
1549,2025-08-21 19:00:00,2,JS07,Ohio,164.83,0,C53480
1550,2025-08-22 09:00:00,2,JS02,Monongahela,164.8,0,C90460
1551,2025-08-22 10:00:00,2,JS06,Allegheny,195.12,0,C45825
1552,2025-08-22 10:00:00,1,JS08,Monongahela,87.67,0,C56636
1553,2025-08-22 10:00:00,1,JS09,Monongahela,96.87,0,C34345
1554,2025-08-22 11:00:00,1,JS02,Ohio,94.31,0,C42302
1555,2025-08-22 11:00:00,1,JS12,Allegheny,93.04,0,C45123
1556,2025-08-22 11:00:00,2,JS03,Monongahela,178.95,0,C93086
1557,2025-08-22 12:00:00,1,JS12,Monongahela,84.44,0,C57277
1558,2025-08-23 10:00:00,2,JS07,Monongahela,178.34,0,C82710
1559,2025-08-23 13:00:00,1,JS02,Allegheny,87.91,0,C56388
1560,2025-08-23 13:00:00,2,JS09,Allegheny,188.96,0,C88386
1561,2025-08-23 13:00:00,1,JS06,Monongahela,83.12,0,C48253
1562,2025-08-23 14:00:00,2,JS07,Allegheny,195.15,0,C83339
1563,2025-08-23 14:00:00,2,JS04,Ohio,181.21,0,C32227
1564,2025-08-23 14:00:00,1,JS11,Monongahela,87.59,0,C28198
1565,2025-08-23 16:00:00,1,JS05,Monongahela,90.42,0,C29127
1566,2025-08-23 16:00:00,1,JS02,Allegheny,83.32,0,C46170
1567,2025-08-23 19:00:00,1,JS05,Monongahela,97.86,0,C57333
1568,2025-08-23 19:00:00,2,JS05,Allegheny,193.3,0,C91924
1569,2025-08-23 19:00:00,2,JS08,Ohio,170.92,0,C35630
1570,2025-08-24 09:00:00,1,JS10,Monongahela,82.83,0,C67700
1571,2025-08-24 09:00:00,2,JS06,Monongahela,169.19,0,C87908
1572,2025-08-24 10:00:00,2,JS05,Monongahela,180.06,0,C36326
1573,2025-08-24 11:00:00,1,JS06,Allegheny,83.04,0,C51830
1574,2025-08-24 11:00:00,2,JS05,Ohio,179.46,0,C92955
1575,2025-08-24 11:00:00,1,JS08,Ohio,95.73,0,C52714
1576,2025-08-24 12:00:00,1,JS05,Monongahela,95.54,0,C24927
1577,2025-08-24 12:00:00,2,JS10,Allegheny,182.01,0,C81516
1578,2025-08-24 12:00:00,2,JS03,Ohio,176.83,0,C13527
1579,2025-08-24 13:00:00,1,JS12,Allegheny,92.98,0,C48185
1580,2025-08-24 13:00:00,1,JS12,Allegheny,92.51,0,C98208
1581,2025-08-24 13:00:00,2,JS08,Allegheny,194.65,0,C49692
1582,2025-08-24 16:00:00,1,JS05,Ohio,82.54,0,C65460
1583,2025-08-25 10:00:00,1,JS09,Allegheny,94.61,0,C80373
1584,2025-08-25 10:00:00,1,JS10,Ohio,89.9,0,C24335
1585,2025-08-25 10:00:00,2,JS04,Ohio,171.64,0,C56531
1586,2025-08-25 12:00:00,1,JS11,Ohio,97.17,0,C83822
1587,2025-08-25 13:00:00,1,JS06,Monongahela,93.34,0,C11382
1588,2025-08-25 13:00:00,1,JS02,Monongahela,82.6,0,C76935
1589,2025-08-25 13:00:00,2,JS12,Ohio,173.54,0,C86089
1590,2025-08-25 15:00:00,1,JS08,Monongahela,85.31,0,C70694
1591,2025-08-25 16:00:00,1,JS06,Allegheny,85.52,0,C23703
1592,2025-08-25 17:00:00,1,JS07,Allegheny,83.43,0,C28569
1593,2025-08-25 17:00:00,1,JS06,Monongahela,91.3,0,C69681
1594,2025-08-26 09:00:00,1,JS12,Ohio,87.24,0,C51800
1595,2025-08-26 09:00:00,1,JS02,Monongahela,97.08,0,C25084
1596,2025-08-26 09:00:00,2,JS01,Monongahela,173.95,0,C24334
1597,2025-08-26 12:00:00,2,JS12,Allegheny,167.47,0,C32865
1598,2025-08-26 14:00:00,1,JS06,Ohio,87.22,0,C70562
1599,2025-08-26 16:00:00,1,JS07,Ohio,85.43,0,C34430
1600,2025-08-26 17:00:00,2,JS07,Allegheny,166.74,0,C90492
1601,2025-08-26 17:00:00,2,JS04,Monongahela,184.82,0,C66302
1602,2025-08-26 17:00:00,2,JS07,Allegheny,181.99,0,C38153
1603,2025-08-26 19:00:00,1,JS05,Ohio,92.8,0,C85674
1604,2025-08-27 10:00:00,1,JS04,Monongahela,96.56,0,C44387
1605,2025-08-27 10:00:00,2,JS11,Monongahela,186.99,1,C93769
1606,2025-08-27 11:00:00,2,JS10,Monongahela,175.42,0,C61451
1607,2025-08-27 11:00:00,1,JS10,Allegheny,90.78,0,C56135
1608,2025-08-27 14:00:00,2,JS10,Allegheny,190.44,0,C48986
1609,2025-08-27 14:00:00,1,JS10,Ohio,93.19,0,C98094
1610,2025-08-27 14:00:00,1,JS03,Monongahela,91.11,0,C41270
1611,2025-08-27 17:00:00,1,JS02,Allegheny,92.91,0,C28528
1612,2025-08-27 17:00:00,1,JS09,Monongahela,95.56,0,C88174
1613,2025-08-28 10:00:00,1,JS09,Allegheny,91.28,0,C47858
1614,2025-08-28 11:00:00,1,JS03,Monongahela,87.82,0,C91187
1615,2025-08-28 13:00:00,1,JS01,Monongahela,89.27,0,C35575
1616,2025-08-28 13:00:00,2,JS07,Ohio,195.48,0,C95599
1617,2025-08-28 15:00:00,1,JS07,Ohio,92.91,0,C64477
1618,2025-08-28 15:00:00,1,JS12,Monongahela,82.77,0,C31922
1619,2025-08-28 15:00:00,1,JS02,Ohio,93.76,0,C38905
1620,2025-08-28 17:00:00,1,JS01,Monongahela,96.43,0,C80465
1621,2025-08-28 17:00:00,1,JS05,Allegheny,82.61,0,C84140
1622,2025-08-28 18:00:00,1,JS09,Ohio,85.15,0,C85066
1623,2025-08-28 18:00:00,2,JS02,Monongahela,189.8,0,C58085
1624,2025-08-28 18:00:00,2,JS09,Allegheny,191.79,0,C67850
1625,2025-08-29 10:00:00,1,JS05,Allegheny,91.73,0,C44447
1626,2025-08-29 12:00:00,1,JS02,Monongahela,87.07,0,C41056
1627,2025-08-29 12:00:00,2,JS04,Ohio,196.62,0,C55957
1628,2025-08-29 15:00:00,1,JS03,Ohio,89.27,0,C37082
1629,2025-08-29 15:00:00,2,JS04,Allegheny,195.6,0,C55982
1630,2025-08-29 15:00:00,2,JS09,Monongahela,167.8,0,C80617
1631,2025-08-29 17:00:00,1,JS06,Ohio,97.99,1,C47923
1632,2025-08-30 09:00:00,1,JS12,Allegheny,85.29,0,C29168
1633,2025-08-30 10:00:00,1,JS04,Ohio,84.08,0,C74154
1634,2025-08-30 10:00:00,2,JS03,Ohio,182.53,0,C45221
1635,2025-08-30 11:00:00,1,JS07,Monongahela,89.59,0,C93050
1636,2025-08-30 11:00:00,2,JS02,Monongahela,186.45,0,C46467
1637,2025-08-30 11:00:00,1,JS12,Monongahela,98.87,0,C73968
1638,2025-08-30 12:00:00,2,JS10,Allegheny,172.35,0,C22208
1639,2025-08-30 12:00:00,2,JS12,Monongahela,172.96,0,C97050
1640,2025-08-30 13:00:00,1,JS02,Ohio,81.03,0,C38551
1641,2025-08-30 13:00:00,1,JS07,Allegheny,96.06,0,C45197
1642,2025-08-30 16:00:00,2,JS05,Monongahela,197.97,0,C85750
1643,2025-08-30 16:00:00,1,JS03,Ohio,86.05,0,C55054
1644,2025-08-31 09:00:00,2,JS12,Allegheny,167.91,0,C49566
1645,2025-08-31 10:00:00,2,JS05,Allegheny,190.54,0,C57242
1646,2025-08-31 12:00:00,2,JS02,Monongahela,197.1,0,C95054
1647,2025-08-31 12:00:00,1,JS03,Allegheny,96.86,0,C91999
1648,2025-08-31 13:00:00,1,JS12,Ohio,83.03,0,C66260
1649,2025-08-31 13:00:00,2,JS11,Allegheny,184.9,0,C22475
1650,2025-08-31 15:00:00,1,JS08,Allegheny,88.74,0,C87814
1651,2025-08-31 16:00:00,1,JS09,Ohio,94.26,0,C11217
1652,2025-08-31 18:00:00,2,JS02,Monongahela,197.61,0,C27324
1653,2025-08-31 18:00:00,1,JS08,Allegheny,87.39,0,C60209
1654,2025-09-01 10:00:00,1,JS11,Ohio,90.06,0,C18966
1655,2025-09-01 12:00:00,2,JS08,Monongahela,188.25,0,C37925
1656,2025-09-01 14:00:00,2,JS07,Ohio,195.79,0,C67984
1657,2025-09-01 17:00:00,1,JS02,Allegheny,96.31,0,C26142
1658,2025-09-01 18:00:00,1,JS06,Monongahela,95.87,0,C28327
1659,2025-09-01 18:00:00,2,JS04,Monongahela,176.35,0,C21042
1660,2025-09-01 18:00:00,2,JS04,Ohio,178.83,0,C88644
1661,2025-09-01 19:00:00,2,JS12,Allegheny,196.62,0,C49537
1662,2025-09-01 19:00:00,2,JS04,Ohio,165.53,0,C76784
1663,2025-09-02 09:00:00,1,JS02,Allegheny,82.03,0,C93634
1664,2025-09-02 09:00:00,2,JS10,Allegheny,169.9,0,C11581
1665,2025-09-02 09:00:00,1,JS06,Monongahela,88.8,0,C60703
1666,2025-09-02 10:00:00,2,JS06,Ohio,188.62,0,C32645
1667,2025-09-02 10:00:00,1,JS08,Allegheny,87.01,0,C86986
1668,2025-09-02 10:00:00,1,JS02,Allegheny,94.93,0,C38277
1669,2025-09-02 15:00:00,2,JS09,Monongahela,162.46,0,C75673
1670,2025-09-02 15:00:00,2,JS07,Monongahela,179.18,0,C62727
1671,2025-09-02 15:00:00,2,JS02,Ohio,170.48,0,C80471
1672,2025-09-02 18:00:00,1,JS05,Allegheny,96.47,0,C20357
1673,2025-09-02 19:00:00,1,JS03,Ohio,89.68,0,C61213
1674,2025-09-03 10:00:00,1,JS01,Allegheny,98.55,0,C66948
1675,2025-09-03 15:00:00,1,JS10,Ohio,84.87,0,C50539
1676,2025-09-03 15:00:00,2,JS11,Ohio,169.1,0,C33022
1677,2025-09-03 15:00:00,2,JS02,Allegheny,186.34,0,C27984
1678,2025-09-04 11:00:00,2,JS06,Allegheny,195.54,0,C45227
1679,2025-09-04 16:00:00,2,JS07,Monongahela,180.41,0,C18371
1680,2025-09-04 16:00:00,2,JS05,Ohio,194.55,0,C92251
1681,2025-09-05 09:00:00,1,JS06,Allegheny,87.6,0,C23487
1682,2025-09-05 12:00:00,1,JS12,Ohio,83.87,0,C15772
1683,2025-09-05 14:00:00,1,JS01,Monongahela,97.47,0,C60197
1684,2025-09-05 16:00:00,2,JS03,Allegheny,166.36,0,C95944
1685,2025-09-05 18:00:00,1,JS04,Monongahela,97.37,0,C64559
1686,2025-09-05 18:00:00,1,JS12,Monongahela,88.49,0,C20208
1687,2025-09-05 18:00:00,1,JS10,Monongahela,91.78,0,C75803
1688,2025-09-06 11:00:00,1,JS05,Monongahela,85.08,0,C21322
1689,2025-09-06 11:00:00,1,JS09,Monongahela,97.35,0,C58354
1690,2025-09-06 11:00:00,2,JS04,Monongahela,162.7,0,C49834
1691,2025-09-06 12:00:00,2,JS08,Monongahela,184.61,0,C74665
1692,2025-09-06 13:00:00,1,JS12,Ohio,97.37,0,C29735
1693,2025-09-06 16:00:00,2,JS01,Allegheny,164.59,0,C55406
1694,2025-09-06 16:00:00,1,JS11,Ohio,98.24,0,C53911
1695,2025-09-06 16:00:00,1,JS01,Ohio,90.58,0,C50306
1696,2025-09-06 19:00:00,1,JS09,Allegheny,88.07,0,C74491
1697,2025-09-07 09:00:00,2,JS12,Allegheny,182.81,0,C22527
1698,2025-09-07 09:00:00,2,JS09,Allegheny,180.11,0,C61688
1699,2025-09-07 09:00:00,2,JS02,Ohio,184.32,0,C18163
1700,2025-09-07 10:00:00,1,JS11,Allegheny,96.41,0,C48230
1701,2025-09-07 10:00:00,1,JS05,Monongahela,84.47,0,C52762
1702,2025-09-07 10:00:00,1,JS06,Monongahela,94.84,0,C40619
1703,2025-09-07 12:00:00,1,JS03,Ohio,94.81,0,C30369
1704,2025-09-07 14:00:00,1,JS08,Monongahela,86.79,0,C63282
1705,2025-09-07 17:00:00,1,JS04,Monongahela,97.98,0,C70731
1706,2025-09-07 17:00:00,1,JS05,Allegheny,84.72,0,C30658
1707,2025-09-07 18:00:00,2,JS12,Ohio,167.38,0,C15286
1708,2025-09-07 18:00:00,1,JS04,Monongahela,89.29,0,C21955
1709,2025-09-07 19:00:00,2,JS06,Monongahela,195.48,0,C16416
1710,2025-09-08 09:00:00,1,JS02,Monongahela,89.85,0,C28322
1711,2025-09-08 14:00:00,1,JS03,Allegheny,95.52,1,C58790
1712,2025-09-08 19:00:00,1,JS02,Allegheny,86.76,0,C35919
1713,2025-09-08 19:00:00,1,JS11,Monongahela,85.13,0,C22055
1714,2025-09-09 10:00:00,2,JS10,Monongahela,163.36,0,C61773
1715,2025-09-09 14:00:00,2,JS01,Monongahela,171.45,0,C65923
1716,2025-09-09 14:00:00,1,JS03,Monongahela,85.16,0,C34530
1717,2025-09-09 14:00:00,1,JS05,Monongahela,96.33,0,C29481
1718,2025-09-10 12:00:00,1,JS01,Allegheny,88.49,0,C60202
1719,2025-09-10 12:00:00,1,JS03,Monongahela,84.61,0,C94233
1720,2025-09-10 12:00:00,2,JS09,Allegheny,172.51,0,C81258
1721,2025-09-10 15:00:00,1,JS12,Monongahela,87.83,0,C81371
1722,2025-09-10 15:00:00,2,JS08,Monongahela,184.15,0,C75849
1723,2025-09-10 15:00:00,1,JS06,Monongahela,97.82,0,C33568
1724,2025-09-10 18:00:00,1,JS10,Allegheny,84.78,0,C46822
1725,2025-09-10 18:00:00,2,JS01,Monongahela,184.16,0,C56849
1726,2025-09-10 19:00:00,1,JS03,Allegheny,88.25,0,C96096
1727,2025-09-11 09:00:00,1,JS06,Allegheny,93.57,0,C41005
1728,2025-09-11 09:00:00,2,JS10,Monongahela,173.54,0,C57026
1729,2025-09-11 09:00:00,2,JS10,Allegheny,177.38,0,C56095
1730,2025-09-11 10:00:00,1,JS10,Allegheny,98.06,0,C81057
1731,2025-09-11 12:00:00,1,JS03,Monongahela,86.71,0,C21830
1732,2025-09-11 12:00:00,2,JS01,Allegheny,179.93,0,C38679
1733,2025-09-11 15:00:00,2,JS01,Monongahela,191.23,0,C36406
1734,2025-09-11 15:00:00,2,JS03,Monongahela,186.23,0,C33260
1735,2025-09-11 15:00:00,1,JS06,Allegheny,91.19,0,C29360
1736,2025-09-11 17:00:00,1,JS02,Ohio,83.46,0,C19506
1737,2025-09-11 18:00:00,1,JS12,Ohio,96.88,0,C86810
1738,2025-09-11 18:00:00,1,JS02,Monongahela,94.55,0,C52284
1739,2025-09-12 10:00:00,2,JS04,Ohio,178.08,1,C32983
1740,2025-09-12 10:00:00,2,JS07,Monongahela,191.5,0,C48602
1741,2025-09-12 11:00:00,1,JS03,Ohio,90.73,0,C85082
1742,2025-09-12 14:00:00,1,JS10,Allegheny,93.65,0,C88956
1743,2025-09-12 14:00:00,1,JS06,Ohio,90.56,0,C93839
1744,2025-09-12 14:00:00,1,JS10,Allegheny,98.17,0,C28434
1745,2025-09-12 15:00:00,1,JS12,Allegheny,86.37,0,C55457
1746,2025-09-12 15:00:00,2,JS06,Allegheny,192.33,0,C21629
1747,2025-09-12 16:00:00,1,JS08,Allegheny,92.89,0,C37483
1748,2025-09-12 16:00:00,1,JS04,Ohio,84.58,0,C55938
1749,2025-09-12 18:00:00,1,JS02,Ohio,82.09,0,C16310
1750,2025-09-12 18:00:00,2,JS07,Monongahela,181.68,0,C65004
1751,2025-09-12 19:00:00,1,JS07,Monongahela,94.48,0,C56036
1752,2025-09-13 10:00:00,1,JS01,Monongahela,94.88,0,C23726
1753,2025-09-13 10:00:00,1,JS02,Monongahela,84.49,0,C59212
1754,2025-09-13 12:00:00,2,JS12,Allegheny,195.65,0,C22203
1755,2025-09-13 13:00:00,1,JS10,Ohio,96.17,0,C14062
1756,2025-09-13 13:00:00,1,JS07,Ohio,88.73,0,C89602
1757,2025-09-13 14:00:00,1,JS03,Allegheny,83.83,0,C53397
1758,2025-09-13 14:00:00,1,JS04,Allegheny,98.04,0,C82628
1759,2025-09-13 14:00:00,2,JS12,Ohio,170.64,0,C44768
1760,2025-09-13 15:00:00,1,JS05,Allegheny,97.71,0,C16505
1761,2025-09-13 15:00:00,2,JS07,Ohio,186.01,0,C74349
1762,2025-09-13 16:00:00,1,JS01,Monongahela,87.22,0,C66047
1763,2025-09-13 18:00:00,2,JS11,Ohio,163.4,0,C72957
1764,2025-09-13 18:00:00,1,JS04,Allegheny,95.96,0,C37125
1765,2025-09-13 19:00:00,1,JS11,Monongahela,87.31,0,C72071
1766,2025-09-14 09:00:00,1,JS06,Monongahela,90.6,1,C34455
1767,2025-09-14 10:00:00,1,JS01,Monongahela,85.34,0,C70956
1768,2025-09-14 10:00:00,1,JS05,Allegheny,85.51,0,C83956
1769,2025-09-14 10:00:00,2,JS01,Allegheny,172.07,0,C97486
1770,2025-09-14 13:00:00,2,JS09,Monongahela,180.15,0,C39820
1771,2025-09-14 13:00:00,1,JS09,Allegheny,85.34,0,C78495
1772,2025-09-14 14:00:00,1,JS09,Ohio,87.42,0,C85066
1773,2025-09-14 14:00:00,1,JS04,Monongahela,90.91,0,C20348
1774,2025-09-14 14:00:00,1,JS07,Ohio,98.27,0,C75811
1775,2025-09-14 15:00:00,1,JS02,Monongahela,91.87,0,C31910
1776,2025-09-14 16:00:00,1,JS04,Allegheny,81.72,0,C65492
1777,2025-09-14 19:00:00,1,JS04,Ohio,87.9,0,C87994
1778,2025-09-14 19:00:00,2,JS05,Monongahela,186.0,0,C18783
1779,2025-09-14 19:00:00,2,JS02,Monongahela,183.09,0,C62082
1780,2025-09-15 14:00:00,1,JS02,Monongahela,89.02,0,C29424
1781,2025-09-15 14:00:00,2,JS10,Ohio,171.54,0,C23133
1782,2025-09-15 14:00:00,1,JS02,Ohio,90.68,0,C47498
1783,2025-09-15 16:00:00,1,JS07,Monongahela,95.11,0,C95824
1784,2025-09-15 16:00:00,2,JS08,Ohio,185.26,0,C72003
1785,2025-09-16 11:00:00,1,JS01,Monongahela,97.79,0,C41139
1786,2025-09-16 11:00:00,1,JS01,Ohio,94.13,0,C45203
1787,2025-09-16 11:00:00,1,JS06,Allegheny,84.69,0,C49722
1788,2025-09-16 13:00:00,2,JS05,Monongahela,193.62,0,C99764
1789,2025-09-16 13:00:00,1,JS02,Allegheny,97.74,0,C49384
1790,2025-09-16 15:00:00,2,JS06,Monongahela,179.66,0,C64627
1791,2025-09-16 15:00:00,1,JS10,Ohio,95.45,0,C34633
1792,2025-09-16 15:00:00,1,JS08,Allegheny,97.19,0,C73499
1793,2025-09-16 19:00:00,1,JS01,Ohio,97.98,0,C18600
1794,2025-09-16 19:00:00,2,JS05,Ohio,186.38,0,C62872
1795,2025-09-17 09:00:00,1,JS04,Allegheny,83.36,0,C14334
1796,2025-09-17 11:00:00,2,JS01,Monongahela,163.23,0,C36097
1797,2025-09-17 11:00:00,1,JS05,Monongahela,83.79,0,C76207
1798,2025-09-17 11:00:00,1,JS07,Ohio,87.57,0,C99282
1799,2025-09-17 19:00:00,2,JS06,Monongahela,184.43,0,C68471
1800,2025-09-18 11:00:00,1,JS01,Monongahela,90.07,0,C31352
1801,2025-09-18 11:00:00,1,JS10,Allegheny,91.33,0,C94853
1802,2025-09-18 14:00:00,1,JS11,Allegheny,91.02,0,C95404
1803,2025-09-18 15:00:00,2,JS09,Allegheny,174.08,0,C11166
1804,2025-09-18 15:00:00,2,JS08,Allegheny,177.58,0,C32701
1805,2025-09-18 15:00:00,1,JS10,Allegheny,92.67,1,C43081
1806,2025-09-18 16:00:00,2,JS12,Ohio,185.54,0,C46094
1807,2025-09-18 16:00:00,1,JS07,Monongahela,86.58,0,C70161
1808,2025-09-18 17:00:00,1,JS04,Monongahela,82.64,0,C98761
1809,2025-09-18 17:00:00,1,JS09,Ohio,93.41,0,C86609
1810,2025-09-19 09:00:00,1,JS02,Monongahela,87.42,0,C93964
1811,2025-09-19 09:00:00,1,JS06,Monongahela,96.04,0,C95998
1812,2025-09-19 09:00:00,1,JS12,Ohio,85.26,0,C34688
1813,2025-09-19 11:00:00,1,JS09,Allegheny,81.16,0,C88647
1814,2025-09-19 13:00:00,2,JS11,Monongahela,196.52,0,C28340
1815,2025-09-19 13:00:00,2,JS12,Allegheny,171.42,0,C75191
1816,2025-09-19 13:00:00,1,JS05,Monongahela,81.51,0,C63031
1817,2025-09-19 14:00:00,2,JS12,Allegheny,193.73,0,C84978
1818,2025-09-19 14:00:00,2,JS04,Monongahela,187.93,0,C39145
1819,2025-09-19 14:00:00,2,JS11,Ohio,176.69,0,C72355
1820,2025-09-19 17:00:00,1,JS09,Monongahela,90.31,0,C96194
1821,2025-09-19 17:00:00,1,JS09,Allegheny,95.48,0,C22793
1822,2025-09-19 18:00:00,1,JS03,Ohio,93.47,0,C83273
1823,2025-09-19 18:00:00,1,JS03,Ohio,97.33,0,C95778
1824,2025-09-19 18:00:00,1,JS02,Allegheny,90.61,0,C39272
1825,2025-09-19 19:00:00,1,JS07,Monongahela,88.38,0,C44152
1826,2025-09-19 19:00:00,1,JS10,Monongahela,82.27,0,C25437
1827,2025-09-20 10:00:00,1,JS09,Monongahela,86.84,0,C17086
1828,2025-09-20 10:00:00,1,JS03,Allegheny,86.09,0,C54914
1829,2025-09-20 10:00:00,1,JS07,Ohio,93.08,0,C28772
1830,2025-09-20 13:00:00,1,JS12,Allegheny,89.76,0,C73908
1831,2025-09-20 13:00:00,1,JS06,Ohio,96.6,0,C51079
1832,2025-09-20 19:00:00,1,JS05,Allegheny,93.04,0,C85534
1833,2025-09-20 19:00:00,1,JS03,Monongahela,98.02,0,C26961
1834,2025-09-20 19:00:00,2,JS10,Monongahela,189.89,0,C66283
1835,2025-09-21 09:00:00,1,JS12,Monongahela,97.8,0,C52233
1836,2025-09-21 15:00:00,1,JS01,Ohio,94.57,0,C92141
1837,2025-09-21 16:00:00,1,JS04,Ohio,88.97,0,C50906
1838,2025-09-21 17:00:00,2,JS02,Monongahela,189.72,0,C87158
1839,2025-09-21 18:00:00,1,JS03,Allegheny,98.32,0,C49085
1840,2025-09-21 18:00:00,2,JS05,Monongahela,171.73,0,C78195
1841,2025-09-21 19:00:00,1,JS07,Ohio,90.33,0,C54922
1842,2025-09-21 19:00:00,1,JS08,Monongahela,86.66,0,C31611
1843,2025-09-22 10:00:00,2,JS02,Monongahela,188.28,0,C95267
1844,2025-09-22 14:00:00,2,JS11,Monongahela,184.65,0,C91675
1845,2025-09-22 14:00:00,1,JS01,Ohio,93.8,0,C96765
1846,2025-09-22 14:00:00,1,JS02,Ohio,96.48,0,C16322
1847,2025-09-22 17:00:00,1,JS08,Monongahela,85.72,0,C81733
1848,2025-09-22 17:00:00,2,JS05,Monongahela,179.39,0,C30070
1849,2025-09-22 17:00:00,2,JS04,Ohio,175.62,0,C92616
1850,2025-09-23 10:00:00,2,JS02,Ohio,165.49,0,C90962
1851,2025-09-23 10:00:00,1,JS02,Monongahela,98.85,0,C23928
1852,2025-09-23 10:00:00,2,JS08,Allegheny,169.58,0,C36181
1853,2025-09-23 13:00:00,1,JS09,Allegheny,85.21,0,C63707
1854,2025-09-23 13:00:00,1,JS05,Allegheny,95.04,0,C81845
1855,2025-09-23 15:00:00,1,JS04,Ohio,85.11,0,C53332
1856,2025-09-23 15:00:00,1,JS04,Allegheny,91.67,0,C98032
1857,2025-09-23 15:00:00,2,JS02,Allegheny,180.07,0,C97690
1858,2025-09-23 16:00:00,2,JS03,Allegheny,182.16,0,C19836
1859,2025-09-23 16:00:00,1,JS12,Ohio,90.09,0,C43540
1860,2025-09-23 16:00:00,1,JS11,Allegheny,95.63,0,C48800
1861,2025-09-23 17:00:00,1,JS08,Allegheny,83.36,0,C32898
1862,2025-09-23 17:00:00,1,JS01,Monongahela,97.78,0,C98705
1863,2025-09-23 18:00:00,1,JS07,Ohio,87.64,0,C22451
1864,2025-09-23 18:00:00,1,JS01,Allegheny,90.33,0,C96947
1865,2025-09-23 19:00:00,1,JS06,Monongahela,97.81,0,C91501
1866,2025-09-24 10:00:00,1,JS02,Monongahela,85.55,0,C69839
1867,2025-09-24 13:00:00,1,JS07,Ohio,87.9,0,C65278
1868,2025-09-24 13:00:00,1,JS11,Allegheny,89.21,0,C27368
1869,2025-09-24 17:00:00,2,JS02,Monongahela,171.62,0,C73265
1870,2025-09-25 15:00:00,1,JS08,Monongahela,83.65,0,C63907
1871,2025-09-25 16:00:00,1,JS01,Allegheny,91.18,0,C95848
1872,2025-09-25 16:00:00,2,JS06,Allegheny,195.76,0,C98857
1873,2025-09-25 16:00:00,2,JS09,Ohio,196.06,0,C84057
1874,2025-09-25 17:00:00,2,JS11,Monongahela,166.74,0,C78564
1875,2025-09-25 19:00:00,1,JS11,Ohio,97.11,0,C73167
1876,2025-09-25 19:00:00,2,JS06,Ohio,192.94,0,C94070
1877,2025-09-25 19:00:00,2,JS07,Allegheny,196.11,0,C90335
1878,2025-09-26 10:00:00,1,JS06,Allegheny,81.17,0,C46458
1879,2025-09-26 10:00:00,1,JS01,Ohio,81.83,0,C82154
1880,2025-09-26 10:00:00,1,JS11,Monongahela,87.09,0,C40801
1881,2025-09-26 12:00:00,1,JS08,Ohio,92.04,0,C21536
1882,2025-09-26 12:00:00,1,JS08,Monongahela,92.91,0,C25559
1883,2025-09-26 12:00:00,2,JS08,Ohio,191.5,0,C12329
1884,2025-09-26 16:00:00,2,JS07,Allegheny,166.31,0,C81971
1885,2025-09-26 16:00:00,2,JS01,Allegheny,172.24,0,C91142
1886,2025-09-26 16:00:00,2,JS11,Monongahela,186.07,0,C83706
1887,2025-09-26 19:00:00,1,JS11,Ohio,83.93,0,C54676
1888,2025-09-27 09:00:00,2,JS02,Allegheny,192.72,0,C39064
1889,2025-09-27 09:00:00,1,JS01,Monongahela,85.78,0,C93055
1890,2025-09-27 09:00:00,2,JS05,Ohio,173.54,0,C59006
1891,2025-09-27 12:00:00,2,JS08,Allegheny,163.82,0,C63636
1892,2025-09-27 14:00:00,1,JS10,Allegheny,93.97,0,C25826
1893,2025-09-27 14:00:00,1,JS07,Allegheny,85.61,0,C34979
1894,2025-09-27 15:00:00,1,JS02,Monongahela,93.06,1,C93000
1895,2025-09-27 15:00:00,1,JS11,Ohio,95.51,0,C69048
1896,2025-09-27 16:00:00,2,JS11,Ohio,168.89,0,C27647
1897,2025-09-27 16:00:00,2,JS08,Allegheny,179.45,0,C16366
1898,2025-09-27 16:00:00,2,JS09,Monongahela,173.55,0,C73298
1899,2025-09-27 17:00:00,1,JS12,Ohio,92.55,0,C26827
1900,2025-09-28 10:00:00,1,JS08,Allegheny,88.74,0,C64099
1901,2025-09-28 10:00:00,2,JS10,Ohio,172.85,0,C77147
1902,2025-09-28 11:00:00,1,JS12,Ohio,94.65,0,C82559
1903,2025-09-28 11:00:00,1,JS11,Allegheny,91.27,0,C37487
1904,2025-09-28 12:00:00,2,JS11,Monongahela,167.06,0,C27389
1905,2025-09-28 12:00:00,1,JS12,Ohio,84.74,0,C76046
1906,2025-09-28 13:00:00,1,JS12,Allegheny,90.81,0,C83699
1907,2025-09-28 13:00:00,2,JS08,Ohio,196.14,0,C97445
1908,2025-09-28 14:00:00,2,JS11,Ohio,188.01,0,C47477
1909,2025-09-28 14:00:00,2,JS07,Allegheny,165.82,0,C23955
1910,2025-09-28 14:00:00,1,JS01,Monongahela,83.89,0,C16955
1911,2025-09-28 16:00:00,1,JS05,Allegheny,83.85,0,C99573
1912,2025-09-28 17:00:00,2,JS03,Allegheny,175.11,0,C48684
1913,2025-09-28 17:00:00,1,JS04,Ohio,83.32,0,C57013
1914,2025-09-28 18:00:00,2,JS02,Ohio,171.89,0,C83647
1915,2025-09-28 18:00:00,2,JS04,Ohio,163.46,0,C83566
1916,2025-09-28 18:00:00,2,JS07,Allegheny,191.99,0,C47701
1917,2025-09-29 09:00:00,1,JS04,Ohio,95.21,0,C39563
1918,2025-09-29 09:00:00,2,JS11,Ohio,196.81,0,C94886
1919,2025-09-29 13:00:00,2,JS10,Ohio,172.92,0,C89087
1920,2025-09-29 13:00:00,1,JS04,Ohio,82.2,0,C48558
1921,2025-09-29 14:00:00,1,JS03,Ohio,81.71,0,C34507
1922,2025-09-29 14:00:00,2,JS03,Ohio,177.94,0,C25643
1923,2025-09-29 14:00:00,1,JS07,Allegheny,85.43,0,C46583
1924,2025-09-29 15:00:00,2,JS03,Allegheny,179.36,0,C43425
1925,2025-09-29 15:00:00,1,JS01,Monongahela,82.22,0,C30290
1926,2025-09-29 18:00:00,1,JS06,Ohio,84.86,0,C91968
1927,2025-09-29 19:00:00,2,JS08,Ohio,168.81,0,C56934
1928,2025-09-29 19:00:00,1,JS02,Ohio,84.87,0,C78864
1929,2025-09-30 10:00:00,1,JS09,Ohio,97.96,0,C22051
1930,2025-09-30 10:00:00,1,JS06,Allegheny,87.34,0,C96944
1931,2025-09-30 10:00:00,1,JS06,Monongahela,81.9,0,C48479
1932,2025-09-30 11:00:00,1,JS10,Ohio,92.78,0,C83575
1933,2025-09-30 15:00:00,2,JS08,Allegheny,195.99,0,C90439
1934,2025-09-30 15:00:00,1,JS10,Allegheny,93.49,0,C99463
1935,2025-09-30 16:00:00,1,JS07,Allegheny,90.23,0,C43631
1936,2025-09-30 16:00:00,1,JS09,Ohio,89.19,0,C13238
1937,2025-09-30 17:00:00,1,JS09,Ohio,93.72,0,C73806
1938,2025-09-30 17:00:00,2,JS01,Monongahela,173.86,0,C35232
1939,2025-10-01 14:00:00,1,JS11,Ohio,89.93,0,C99837
1940,2025-10-01 16:00:00,2,JS02,Allegheny,168.06,0,C67047
1941,2025-10-01 16:00:00,2,JS11,Allegheny,197.46,0,C99921
1942,2025-10-01 16:00:00,1,JS03,Allegheny,84.55,0,C53478
1943,2025-10-02 09:00:00,2,JS07,Monongahela,187.36,0,C63011
1944,2025-10-02 09:00:00,1,JS07,Monongahela,90.73,0,C61052
1945,2025-10-02 09:00:00,2,JS11,Allegheny,179.28,0,C10773
1946,2025-10-02 16:00:00,1,JS09,Allegheny,89.88,0,C99899
1947,2025-10-02 16:00:00,1,JS05,Ohio,84.4,0,C46899
1948,2025-10-02 17:00:00,2,JS07,Monongahela,186.27,0,C14039
1949,2025-10-02 17:00:00,2,JS08,Allegheny,165.58,0,C38818
1950,2025-10-02 17:00:00,1,JS03,Ohio,83.18,0,C81529
1951,2025-10-02 18:00:00,1,JS11,Allegheny,90.49,0,C98773
1952,2025-10-02 18:00:00,1,JS12,Ohio,91.6,0,C11461
1953,2025-10-03 09:00:00,1,JS09,Ohio,88.76,0,C49936
1954,2025-10-03 09:00:00,2,JS04,Ohio,197.54,0,C55069
1955,2025-10-03 09:00:00,2,JS04,Monongahela,186.75,0,C77181
1956,2025-10-03 10:00:00,1,JS03,Allegheny,82.71,0,C90856
1957,2025-10-03 11:00:00,1,JS04,Allegheny,86.15,0,C97946
1958,2025-10-03 11:00:00,2,JS10,Allegheny,185.4,0,C70458
1959,2025-10-03 17:00:00,1,JS11,Allegheny,95.58,0,C22871
1960,2025-10-03 17:00:00,2,JS04,Ohio,172.02,0,C73857
1961,2025-10-03 19:00:00,2,JS06,Allegheny,167.85,0,C95914
1962,2025-10-03 19:00:00,1,JS04,Allegheny,93.35,0,C91201
1963,2025-10-04 09:00:00,1,JS06,Monongahela,82.18,0,C10633
1964,2025-10-04 09:00:00,1,JS06,Allegheny,91.3,0,C93995
1965,2025-10-04 10:00:00,1,JS05,Monongahela,87.55,0,C99073
1966,2025-10-04 10:00:00,1,JS12,Monongahela,93.05,0,C70666
1967,2025-10-04 10:00:00,1,JS08,Monongahela,84.16,0,C73828
1968,2025-10-04 12:00:00,1,JS11,Ohio,88.64,0,C46780
1969,2025-10-04 13:00:00,1,JS09,Allegheny,85.57,0,C92132
1970,2025-10-04 18:00:00,1,JS10,Allegheny,89.73,0,C82298
1971,2025-10-04 18:00:00,2,JS05,Ohio,172.97,0,C71879
1972,2025-10-04 18:00:00,1,JS11,Allegheny,82.55,0,C61445
1973,2025-10-05 09:00:00,1,JS06,Ohio,84.53,0,C96858
1974,2025-10-05 09:00:00,2,JS04,Ohio,176.05,0,C31737
1975,2025-10-05 09:00:00,1,JS09,Allegheny,89.45,0,C30869
1976,2025-10-05 11:00:00,2,JS10,Ohio,165.62,0,C29162
1977,2025-10-05 12:00:00,1,JS06,Allegheny,92.95,0,C73916
1978,2025-10-05 12:00:00,1,JS04,Allegheny,86.15,0,C58422
1979,2025-10-05 12:00:00,2,JS04,Allegheny,168.96,0,C37102
1980,2025-10-05 13:00:00,1,JS07,Monongahela,81.41,0,C16086
1981,2025-10-05 13:00:00,1,JS01,Ohio,84.79,0,C23529
1982,2025-10-05 14:00:00,2,JS12,Monongahela,172.07,0,C81349
1983,2025-10-05 14:00:00,1,JS10,Allegheny,92.51,0,C95678
1984,2025-10-05 17:00:00,2,JS06,Ohio,166.83,0,C20202
1985,2025-10-05 17:00:00,1,JS09,Monongahela,87.11,0,C39215
1986,2025-10-05 17:00:00,1,JS09,Monongahela,91.03,0,C55224
1987,2025-10-05 18:00:00,1,JS08,Ohio,92.71,0,C75776
1988,2025-10-05 18:00:00,1,JS03,Monongahela,90.66,0,C40145
1989,2025-10-05 18:00:00,2,JS02,Ohio,171.64,0,C46806
1990,2025-10-05 19:00:00,1,JS03,Allegheny,96.68,0,C57477
1991,2025-10-06 10:00:00,1,JS12,Allegheny,91.94,0,C98503
1992,2025-10-06 10:00:00,1,JS08,Monongahela,85.05,0,C87436
1993,2025-10-06 12:00:00,1,JS11,Monongahela,89.63,0,C41938
1994,2025-10-06 18:00:00,1,JS10,Ohio,97.45,0,C27658
1995,2025-10-07 09:00:00,1,JS03,Ohio,87.72,0,C88558
1996,2025-10-07 09:00:00,1,JS10,Ohio,96.06,0,C96736
1997,2025-10-07 10:00:00,1,JS02,Allegheny,92.06,0,C89498
1998,2025-10-07 10:00:00,1,JS08,Monongahela,95.72,0,C38752
1999,2025-10-07 11:00:00,2,JS10,Allegheny,193.35,0,C33839
2000,2025-10-07 11:00:00,2,JS10,Ohio,176.34,0,C44671
2001,2025-10-07 11:00:00,2,JS03,Ohio,186.03,1,C54914
2002,2025-10-07 17:00:00,1,JS10,Ohio,96.69,0,C40122
2003,2025-10-07 17:00:00,1,JS07,Monongahela,87.17,0,C24230
2004,2025-10-07 17:00:00,2,JS01,Allegheny,177.82,0,C76107
2005,2025-10-07 18:00:00,1,JS03,Ohio,88.27,0,C33255
2006,2025-10-07 18:00:00,2,JS08,Ohio,177.15,0,C15116
2007,2025-10-07 18:00:00,1,JS09,Ohio,91.79,0,C22214
2008,2025-10-07 19:00:00,2,JS11,Allegheny,165.94,0,C80685
2009,2025-10-07 19:00:00,2,JS01,Ohio,174.13,0,C66557
2010,2025-10-07 19:00:00,1,JS09,Monongahela,96.5,0,C15693
2011,2025-10-08 12:00:00,1,JS03,Monongahela,82.31,0,C40475
2012,2025-10-08 12:00:00,2,JS02,Monongahela,169.66,0,C81267
2013,2025-10-08 12:00:00,1,JS07,Monongahela,90.77,0,C10716
2014,2025-10-08 18:00:00,2,JS11,Allegheny,166.5,0,C51405
2015,2025-10-08 18:00:00,1,JS07,Monongahela,91.02,0,C30287
2016,2025-10-08 18:00:00,2,JS07,Ohio,176.94,0,C43244
2017,2025-10-08 19:00:00,2,JS09,Monongahela,183.84,0,C57925
2018,2025-10-08 19:00:00,2,JS10,Monongahela,192.13,0,C62095
2019,2025-10-09 10:00:00,2,JS05,Monongahela,162.81,0,C55135
2020,2025-10-09 10:00:00,2,JS12,Monongahela,183.94,0,C28096
2021,2025-10-09 10:00:00,2,JS11,Allegheny,172.27,0,C40116
2022,2025-10-09 11:00:00,1,JS12,Allegheny,95.17,0,C38109
2023,2025-10-09 11:00:00,1,JS09,Monongahela,87.65,0,C82165
2024,2025-10-09 11:00:00,2,JS10,Ohio,182.17,0,C16822
2025,2025-10-09 12:00:00,1,JS07,Ohio,87.39,0,C21939
2026,2025-10-09 13:00:00,1,JS08,Ohio,91.54,0,C21552
2027,2025-10-09 16:00:00,1,JS04,Monongahela,92.53,0,C89826
2028,2025-10-09 16:00:00,1,JS01,Ohio,82.52,0,C62513
2029,2025-10-09 17:00:00,1,JS12,Ohio,85.04,0,C32973
2030,2025-10-09 17:00:00,1,JS11,Monongahela,96.13,0,C11403
2031,2025-10-10 09:00:00,2,JS10,Allegheny,190.41,0,C14726
2032,2025-10-10 12:00:00,1,JS04,Ohio,88.28,0,C30636
2033,2025-10-10 12:00:00,1,JS02,Monongahela,84.45,0,C56285
2034,2025-10-10 13:00:00,1,JS07,Ohio,91.64,0,C77861
2035,2025-10-10 13:00:00,2,JS01,Ohio,168.01,0,C18993
2036,2025-10-10 13:00:00,1,JS02,Ohio,95.03,0,C83284
2037,2025-10-10 14:00:00,1,JS06,Monongahela,95.93,0,C89477
2038,2025-10-10 14:00:00,1,JS04,Monongahela,98.02,0,C85354
2039,2025-10-10 18:00:00,2,JS03,Monongahela,185.83,0,C23954
2040,2025-10-10 18:00:00,2,JS09,Allegheny,184.7,0,C48568
2041,2025-10-10 19:00:00,1,JS02,Ohio,84.4,0,C80504
2042,2025-10-10 19:00:00,2,JS10,Monongahela,181.03,0,C68034
2043,2025-10-11 09:00:00,1,JS02,Monongahela,94.24,0,C60157
2044,2025-10-11 09:00:00,2,JS11,Allegheny,166.08,0,C40137
2045,2025-10-11 09:00:00,1,JS06,Monongahela,90.01,0,C77699
2046,2025-10-11 12:00:00,1,JS04,Monongahela,97.56,0,C62288
2047,2025-10-11 12:00:00,1,JS11,Ohio,95.77,0,C19965
2048,2025-10-11 13:00:00,1,JS08,Monongahela,87.61,0,C38647
2049,2025-10-11 14:00:00,2,JS03,Ohio,167.33,0,C34925
2050,2025-10-11 14:00:00,1,JS08,Ohio,81.15,0,C40783
2051,2025-10-11 15:00:00,1,JS05,Allegheny,91.45,0,C36577
2052,2025-10-11 16:00:00,1,JS10,Monongahela,97.5,0,C23983
2053,2025-10-11 19:00:00,2,JS10,Allegheny,186.18,0,C15539
2054,2025-10-11 19:00:00,2,JS08,Monongahela,162.05,0,C51342
2055,2025-10-11 19:00:00,1,JS08,Ohio,90.62,0,C74330
2056,2025-10-12 10:00:00,1,JS01,Ohio,88.51,0,C72694
2057,2025-10-12 13:00:00,1,JS07,Ohio,90.39,0,C69925
2058,2025-10-12 13:00:00,2,JS02,Ohio,168.91,0,C70302
2059,2025-10-12 15:00:00,1,JS12,Allegheny,94.05,0,C98356
2060,2025-10-12 15:00:00,2,JS04,Monongahela,166.23,0,C23205
2061,2025-10-12 17:00:00,1,JS06,Ohio,84.77,1,C34530
2062,2025-10-12 17:00:00,1,JS09,Monongahela,98.95,0,C45311
2063,2025-10-12 18:00:00,1,JS10,Monongahela,93.02,0,C34105
2064,2025-10-12 18:00:00,1,JS08,Monongahela,91.44,0,C64931
2065,2025-10-12 18:00:00,1,JS12,Monongahela,86.76,0,C62506
2066,2025-10-13 11:00:00,1,JS04,Ohio,84.38,0,C59923
2067,2025-10-13 11:00:00,2,JS04,Allegheny,174.11,0,C29601
2068,2025-10-13 13:00:00,1,JS01,Allegheny,86.64,0,C75483
2069,2025-10-13 13:00:00,2,JS03,Ohio,194.47,0,C79990
2070,2025-10-13 13:00:00,1,JS12,Monongahela,85.42,0,C49326
2071,2025-10-13 14:00:00,1,JS09,Ohio,86.77,0,C62219
2072,2025-10-13 14:00:00,1,JS02,Ohio,98.48,0,C17869
2073,2025-10-13 16:00:00,2,JS05,Monongahela,193.0,0,C22622
2074,2025-10-13 17:00:00,1,JS12,Monongahela,83.83,0,C57312
2075,2025-10-13 17:00:00,2,JS06,Ohio,180.48,0,C43779
2076,2025-10-13 17:00:00,1,JS06,Allegheny,97.01,0,C25890
2077,2025-10-13 19:00:00,1,JS11,Ohio,97.22,0,C85609
2078,2025-10-13 19:00:00,2,JS10,Ohio,179.59,0,C80574
2079,2025-10-14 11:00:00,1,JS12,Monongahela,86.86,0,C59947
2080,2025-10-14 11:00:00,1,JS10,Monongahela,93.01,0,C92799
2081,2025-10-14 11:00:00,2,JS03,Allegheny,173.76,0,C54222
2082,2025-10-14 13:00:00,2,JS11,Ohio,164.03,0,C63054
2083,2025-10-14 13:00:00,1,JS02,Allegheny,89.1,0,C55039
2084,2025-10-14 13:00:00,1,JS04,Monongahela,88.89,0,C95591
2085,2025-10-14 14:00:00,2,JS12,Monongahela,167.93,0,C94494
2086,2025-10-14 14:00:00,1,JS07,Monongahela,90.26,0,C57600
2087,2025-10-14 17:00:00,1,JS07,Allegheny,86.75,0,C13027
2088,2025-10-14 17:00:00,1,JS03,Ohio,82.3,0,C96772
2089,2025-10-14 17:00:00,2,JS05,Ohio,164.64,0,C20494
2090,2025-10-15 11:00:00,1,JS09,Allegheny,94.54,0,C44400
2091,2025-10-15 11:00:00,1,JS10,Allegheny,93.89,0,C95830
2092,2025-10-15 11:00:00,1,JS07,Monongahela,89.59,0,C42426
2093,2025-10-15 12:00:00,1,JS08,Ohio,81.69,0,C27206
2094,2025-10-15 12:00:00,1,JS09,Allegheny,95.0,0,C14607
2095,2025-10-15 15:00:00,1,JS06,Monongahela,87.44,0,C80855
2096,2025-10-15 15:00:00,1,JS05,Ohio,92.57,0,C27709
2097,2025-10-15 17:00:00,1,JS10,Ohio,96.68,0,C92712
2098,2025-10-15 19:00:00,2,JS09,Ohio,189.71,0,C79964
2099,2025-10-15 19:00:00,1,JS05,Monongahela,96.89,0,C80735
2100,2025-10-15 19:00:00,1,JS04,Allegheny,90.32,0,C50352
2101,2025-10-16 09:00:00,1,JS06,Monongahela,94.49,0,C80136
2102,2025-10-16 13:00:00,1,JS08,Monongahela,82.32,0,C66418
2103,2025-10-16 13:00:00,1,JS05,Ohio,97.88,0,C10946
2104,2025-10-16 13:00:00,1,JS09,Monongahela,92.07,0,C63967
2105,2025-10-16 14:00:00,1,JS07,Allegheny,82.69,0,C94671
2106,2025-10-16 14:00:00,1,JS07,Monongahela,94.45,0,C44469
2107,2025-10-16 14:00:00,2,JS02,Monongahela,173.02,0,C41399
2108,2025-10-16 15:00:00,2,JS05,Ohio,164.6,0,C79722
2109,2025-10-16 15:00:00,1,JS05,Monongahela,85.62,0,C18973
2110,2025-10-16 16:00:00,1,JS03,Monongahela,97.85,0,C93478
2111,2025-10-16 19:00:00,1,JS10,Monongahela,88.46,0,C91625
2112,2025-10-16 19:00:00,1,JS08,Allegheny,87.19,0,C12542
2113,2025-10-16 19:00:00,2,JS03,Allegheny,197.88,0,C12900
2114,2025-10-17 10:00:00,2,JS12,Monongahela,185.21,0,C11075
2115,2025-10-17 11:00:00,1,JS02,Allegheny,81.88,0,C74694
2116,2025-10-17 13:00:00,1,JS06,Monongahela,90.98,0,C75325
2117,2025-10-17 17:00:00,1,JS08,Ohio,90.67,0,C53286
2118,2025-10-17 17:00:00,1,JS02,Allegheny,81.6,0,C44931
2119,2025-10-18 12:00:00,1,JS07,Monongahela,85.27,0,C14392
2120,2025-10-18 15:00:00,1,JS08,Ohio,82.3,0,C78306
2121,2025-10-18 16:00:00,2,JS08,Monongahela,170.04,0,C50908
2122,2025-10-18 17:00:00,2,JS03,Ohio,177.33,0,C15529
2123,2025-10-18 17:00:00,2,JS12,Ohio,181.95,0,C26009
2124,2025-10-18 18:00:00,1,JS08,Ohio,81.1,0,C36047
2125,2025-10-18 18:00:00,2,JS06,Allegheny,194.51,0,C38545
2126,2025-10-19 10:00:00,1,JS04,Allegheny,82.73,0,C86162
2127,2025-10-19 10:00:00,2,JS12,Monongahela,195.61,0,C88146
2128,2025-10-19 10:00:00,1,JS03,Monongahela,90.49,0,C42600
2129,2025-10-19 11:00:00,2,JS08,Allegheny,162.03,0,C91087
2130,2025-10-19 12:00:00,1,JS11,Allegheny,82.58,0,C56598
2131,2025-10-19 12:00:00,2,JS11,Allegheny,194.93,0,C80300
2132,2025-10-19 15:00:00,1,JS08,Allegheny,92.97,0,C83184
2133,2025-10-20 09:00:00,1,JS06,Ohio,91.87,0,C42859
2134,2025-10-20 09:00:00,2,JS01,Monongahela,188.49,0,C67344
2135,2025-10-20 09:00:00,2,JS09,Monongahela,178.68,0,C74237
2136,2025-10-20 12:00:00,2,JS10,Allegheny,168.17,0,C55569
2137,2025-10-20 14:00:00,1,JS12,Monongahela,86.45,0,C88470
2138,2025-10-20 14:00:00,1,JS09,Allegheny,83.85,0,C79617
2139,2025-10-20 16:00:00,1,JS08,Monongahela,83.31,0,C80989
2140,2025-10-20 18:00:00,2,JS08,Allegheny,170.9,0,C76316
2141,2025-10-20 18:00:00,1,JS07,Ohio,85.72,0,C12453
2142,2025-10-20 19:00:00,1,JS10,Allegheny,97.05,0,C18302
2143,2025-10-20 19:00:00,1,JS11,Ohio,92.05,0,C34886
2144,2025-10-21 11:00:00,1,JS11,Monongahela,88.05,0,C22616
2145,2025-10-21 11:00:00,1,JS09,Ohio,92.87,0,C15737
2146,2025-10-21 11:00:00,1,JS03,Allegheny,86.09,0,C36486
2147,2025-10-21 14:00:00,1,JS04,Allegheny,82.85,0,C84843
2148,2025-10-21 14:00:00,2,JS11,Monongahela,180.14,0,C74213
2149,2025-10-21 14:00:00,2,JS09,Ohio,170.96,0,C87371
2150,2025-10-21 16:00:00,1,JS01,Monongahela,87.02,0,C89423
2151,2025-10-21 16:00:00,1,JS12,Allegheny,87.14,0,C37359
2152,2025-10-21 17:00:00,2,JS02,Monongahela,194.3,0,C17956
2153,2025-10-21 17:00:00,2,JS06,Ohio,178.4,0,C64519
2154,2025-10-21 17:00:00,1,JS06,Ohio,96.83,1,C90862
2155,2025-10-21 18:00:00,2,JS09,Allegheny,196.01,0,C19225
2156,2025-10-21 18:00:00,1,JS05,Allegheny,87.15,0,C78089
2157,2025-10-22 10:00:00,1,JS10,Ohio,81.44,0,C83193
2158,2025-10-22 12:00:00,2,JS12,Allegheny,181.76,0,C85571
2159,2025-10-22 12:00:00,1,JS06,Ohio,88.72,0,C97194
2160,2025-10-22 12:00:00,1,JS07,Allegheny,94.09,1,C33644
2161,2025-10-22 13:00:00,2,JS09,Monongahela,195.73,0,C30732
2162,2025-10-22 13:00:00,1,JS09,Ohio,85.2,0,C56179
2163,2025-10-22 13:00:00,1,JS06,Ohio,81.68,0,C58722
2164,2025-10-22 15:00:00,2,JS11,Monongahela,197.51,0,C52395
2165,2025-10-22 15:00:00,2,JS10,Allegheny,166.15,0,C81516
2166,2025-10-22 15:00:00,2,JS04,Monongahela,187.9,0,C43303
2167,2025-10-22 16:00:00,1,JS08,Monongahela,85.63,0,C10025
2168,2025-10-22 16:00:00,1,JS12,Allegheny,85.02,0,C88087
2169,2025-10-22 19:00:00,1,JS05,Allegheny,82.86,0,C39083
2170,2025-10-23 09:00:00,1,JS02,Allegheny,85.14,0,C56616
2171,2025-10-23 12:00:00,1,JS03,Monongahela,85.56,0,C86304
2172,2025-10-23 13:00:00,1,JS04,Monongahela,97.31,0,C22046
2173,2025-10-23 14:00:00,2,JS10,Allegheny,174.76,0,C20118
2174,2025-10-23 14:00:00,1,JS12,Monongahela,88.41,0,C32662
2175,2025-10-23 14:00:00,2,JS08,Ohio,178.26,0,C85527
2176,2025-10-23 16:00:00,2,JS01,Ohio,195.99,0,C60010
2177,2025-10-23 16:00:00,1,JS02,Allegheny,91.09,0,C55603
