datetime,temp_c,precip_mm,wind_kmh
2025-06-26 09:00:00,30.03,0.97,14.8
2025-06-26 10:00:00,30.14,1.47,14.3
2025-06-26 11:00:00,28.07,0.85,14.3
2025-06-26 12:00:00,27.46,0.13,11.8
2025-06-26 13:00:00,25.86,0.58,15.9
2025-06-26 14:00:00,25.16,0.38,18.2
2025-06-26 15:00:00,26.53,1.12,12.4
2025-06-26 16:00:00,25.89,1.14,12.9
2025-06-26 17:00:00,27.73,0.78,14.7
2025-06-26 18:00:00,25.78,2.01,15.2
2025-06-26 19:00:00,24.86,1.5,12.8
2025-06-27 09:00:00,25.65,0.37,5.7
2025-06-27 10:00:00,25.02,0.0,2.4
2025-06-27 11:00:00,23.81,0.0,7.5
2025-06-27 12:00:00,25.94,0.0,6.0
2025-06-27 13:00:00,24.48,0.0,6.6
2025-06-27 14:00:00,27.32,0.47,3.7
2025-06-27 15:00:00,24.63,0.17,7.3
2025-06-27 16:00:00,24.29,0.0,3.1
2025-06-27 17:00:00,22.86,0.41,8.1
2025-06-27 18:00:00,25.11,0.5,6.1
2025-06-27 19:00:00,23.96,0.18,8.4
2025-06-28 09:00:00,25.43,6.24,0.0
2025-06-28 10:00:00,23.97,5.2,0.0
2025-06-28 11:00:00,24.5,6.93,0.0
2025-06-28 12:00:00,22.17,5.94,1.8
2025-06-28 13:00:00,24.44,5.93,1.0
2025-06-28 14:00:00,23.98,6.68,0.0
2025-06-28 15:00:00,23.13,6.0,0.0
2025-06-28 16:00:00,24.38,6.32,0.0
2025-06-28 17:00:00,23.32,5.49,0.0
2025-06-28 18:00:00,23.1,5.79,0.0
2025-06-28 19:00:00,24.59,7.14,0.3
2025-06-29 09:00:00,25.49,1.31,7.3
2025-06-29 10:00:00,25.16,1.43,2.3
2025-06-29 11:00:00,23.21,1.85,3.9
2025-06-29 12:00:00,27.13,0.82,5.2
2025-06-29 13:00:00,22.74,1.57,6.8
2025-06-29 14:00:00,23.56,0.99,2.6
2025-06-29 15:00:00,24.54,0.5,2.5
2025-06-29 16:00:00,23.42,1.51,0.6
2025-06-29 17:00:00,28.65,0.89,1.8
2025-06-29 18:00:00,27.17,0.66,2.9
2025-06-29 19:00:00,28.16,0.47,2.8
2025-06-30 09:00:00,22.92,4.11,6.4
2025-06-30 10:00:00,26.06,4.02,4.5
2025-06-30 11:00:00,26.02,3.99,4.4
2025-06-30 12:00:00,29.29,4.08,3.4
2025-06-30 13:00:00,26.87,3.36,7.4
2025-06-30 14:00:00,27.88,3.44,7.7
2025-06-30 15:00:00,26.38,4.26,9.6
2025-06-30 16:00:00,25.07,3.47,4.0
2025-06-30 17:00:00,23.93,3.81,6.5
2025-06-30 18:00:00,26.11,4.26,5.8
2025-06-30 19:00:00,28.47,3.71,11.3
2025-07-01 09:00:00,28.72,0.0,8.1
2025-07-01 10:00:00,28.7,0.0,5.0
2025-07-01 11:00:00,24.72,0.0,8.4
2025-07-01 12:00:00,28.18,0.0,7.0
2025-07-01 13:00:00,28.52,0.0,7.0
2025-07-01 14:00:00,27.87,0.0,7.4
2025-07-01 15:00:00,28.88,0.54,8.8
2025-07-01 16:00:00,25.0,0.0,7.7
2025-07-01 17:00:00,28.78,0.26,14.4
2025-07-01 18:00:00,28.9,0.57,8.6
2025-07-01 19:00:00,29.06,0.0,8.2
2025-07-02 09:00:00,19.53,1.95,5.8
2025-07-02 10:00:00,20.74,0.0,8.6
2025-07-02 11:00:00,21.54,0.82,7.4
2025-07-02 12:00:00,17.93,1.13,8.1
2025-07-02 13:00:00,19.8,0.81,8.3
2025-07-02 14:00:00,23.65,1.11,5.5
2025-07-02 15:00:00,19.74,0.46,11.3
2025-07-02 16:00:00,17.78,0.73,10.6
2025-07-02 17:00:00,21.09,0.19,8.9
2025-07-02 18:00:00,18.41,0.46,13.1
2025-07-02 19:00:00,20.17,0.16,11.4
2025-07-03 09:00:00,35.76,5.23,3.0
2025-07-03 10:00:00,37.62,4.98,2.5
2025-07-03 11:00:00,36.61,2.98,2.4
2025-07-03 12:00:00,36.23,3.97,7.7
2025-07-03 13:00:00,33.87,4.38,4.7
2025-07-03 14:00:00,39.62,3.88,6.7
2025-07-03 15:00:00,36.75,4.11,5.3
2025-07-03 16:00:00,37.13,4.3,4.5
2025-07-03 17:00:00,35.96,4.65,5.7
2025-07-03 18:00:00,39.9,3.98,8.7
2025-07-03 19:00:00,32.83,4.52,5.6
2025-07-04 09:00:00,24.7,0.0,12.7
2025-07-04 10:00:00,26.4,0.0,12.8
2025-07-04 11:00:00,26.3,0.41,12.2
2025-07-04 12:00:00,24.03,0.0,12.5
2025-07-04 13:00:00,26.91,0.0,11.2
2025-07-04 14:00:00,28.24,0.0,12.1
2025-07-04 15:00:00,25.28,0.0,13.2
2025-07-04 16:00:00,27.34,0.41,13.6
2025-07-04 17:00:00,25.73,0.34,10.3
2025-07-04 18:00:00,26.33,0.0,11.2
2025-07-04 19:00:00,26.88,0.0,15.1
2025-07-05 09:00:00,19.55,0.31,19.0
2025-07-05 10:00:00,17.94,0.0,17.9
2025-07-05 11:00:00,16.61,0.49,17.5
2025-07-05 12:00:00,16.31,0.0,18.6
2025-07-05 13:00:00,16.84,0.0,18.3
2025-07-05 14:00:00,18.45,0.0,16.8
2025-07-05 15:00:00,18.43,0.0,15.0
2025-07-05 16:00:00,16.53,0.0,18.4
2025-07-05 17:00:00,20.91,0.43,17.5
2025-07-05 18:00:00,17.93,0.0,17.8
2025-07-05 19:00:00,17.39,0.16,16.1
2025-07-06 09:00:00,27.92,6.44,10.7
2025-07-06 10:00:00,27.56,6.1,11.7
2025-07-06 11:00:00,25.57,6.11,12.5
2025-07-06 12:00:00,30.02,6.58,15.8
2025-07-06 13:00:00,25.58,6.53,11.8
2025-07-06 14:00:00,31.5,5.69,9.8
2025-07-06 15:00:00,25.92,5.04,10.4
2025-07-06 16:00:00,25.6,6.17,12.1
2025-07-06 17:00:00,30.87,6.57,10.3
2025-07-06 18:00:00,25.32,6.34,8.8
2025-07-06 19:00:00,30.78,6.69,10.5
2025-07-07 09:00:00,16.2,4.76,10.2
2025-07-07 10:00:00,13.73,5.59,10.5
2025-07-07 11:00:00,14.97,5.03,11.1
2025-07-07 12:00:00,13.96,5.82,12.9
2025-07-07 13:00:00,11.47,4.79,14.0
2025-07-07 14:00:00,14.39,5.19,14.5
2025-07-07 15:00:00,13.95,6.15,11.6
2025-07-07 16:00:00,17.84,6.44,10.9
2025-07-07 17:00:00,15.66,5.88,14.2
2025-07-07 18:00:00,11.79,5.9,13.5
2025-07-07 19:00:00,10.2,4.97,7.3
2025-07-08 09:00:00,22.53,4.47,16.8
2025-07-08 10:00:00,18.98,3.62,20.3
2025-07-08 11:00:00,22.32,2.62,19.3
2025-07-08 12:00:00,19.77,3.99,20.2
2025-07-08 13:00:00,20.5,3.4,17.4
2025-07-08 14:00:00,22.26,4.13,17.5
2025-07-08 15:00:00,23.39,3.39,17.9
2025-07-08 16:00:00,22.17,3.14,18.4
2025-07-08 17:00:00,19.99,4.63,19.6
2025-07-08 18:00:00,20.98,3.76,19.3
2025-07-08 19:00:00,21.94,3.96,21.0
2025-07-09 09:00:00,16.21,0.0,13.4
2025-07-09 10:00:00,24.11,0.0,11.8
2025-07-09 11:00:00,21.44,1.54,12.9
2025-07-09 12:00:00,20.56,0.0,7.4
2025-07-09 13:00:00,21.22,0.0,7.8
2025-07-09 14:00:00,19.52,0.0,14.0
2025-07-09 15:00:00,22.58,0.0,13.6
2025-07-09 16:00:00,20.97,0.0,13.7
2025-07-09 17:00:00,21.89,0.0,10.2
2025-07-09 18:00:00,19.07,0.0,12.5
2025-07-09 19:00:00,24.64,0.0,11.8
2025-07-10 09:00:00,18.37,0.06,7.4
2025-07-10 10:00:00,20.64,0.01,8.6
2025-07-10 11:00:00,18.28,0.0,10.5
2025-07-10 12:00:00,21.1,0.0,9.2
2025-07-10 13:00:00,21.6,0.0,10.1
2025-07-10 14:00:00,18.77,0.32,7.5
2025-07-10 15:00:00,16.49,0.0,9.1
2025-07-10 16:00:00,20.62,0.0,10.3
2025-07-10 17:00:00,16.77,0.01,6.6
2025-07-10 18:00:00,18.79,0.06,7.3
2025-07-10 19:00:00,19.33,0.54,7.9
2025-07-11 09:00:00,31.9,0.0,13.1
2025-07-11 10:00:00,30.17,0.0,15.4
2025-07-11 11:00:00,27.81,0.04,14.3
2025-07-11 12:00:00,31.35,0.13,15.3
2025-07-11 13:00:00,28.19,0.0,13.8
2025-07-11 14:00:00,29.8,0.0,15.2
2025-07-11 15:00:00,33.16,0.44,14.0
2025-07-11 16:00:00,31.42,0.0,10.6
2025-07-11 17:00:00,27.0,0.0,13.9
2025-07-11 18:00:00,29.05,0.84,15.3
2025-07-11 19:00:00,28.58,0.41,10.2
2025-07-12 09:00:00,27.7,3.98,3.8
2025-07-12 10:00:00,26.68,4.95,5.0
2025-07-12 11:00:00,25.91,3.58,2.9
2025-07-12 12:00:00,27.07,3.38,4.8
2025-07-12 13:00:00,24.46,4.05,5.3
2025-07-12 14:00:00,27.49,3.56,4.1
2025-07-12 15:00:00,23.46,3.59,5.4
2025-07-12 16:00:00,26.93,3.35,6.3
2025-07-12 17:00:00,28.12,4.02,8.4
2025-07-12 18:00:00,23.87,3.19,1.0
2025-07-12 19:00:00,28.41,4.14,4.5
2025-07-13 09:00:00,25.94,0.05,25.7
2025-07-13 10:00:00,26.64,0.11,22.6
2025-07-13 11:00:00,26.62,0.94,26.9
2025-07-13 12:00:00,28.87,0.0,22.2
2025-07-13 13:00:00,25.43,0.03,26.4
2025-07-13 14:00:00,22.29,0.76,23.9
2025-07-13 15:00:00,24.83,0.0,20.9
2025-07-13 16:00:00,27.33,0.04,21.6
2025-07-13 17:00:00,23.09,0.0,27.6
2025-07-13 18:00:00,25.16,0.0,23.7
2025-07-13 19:00:00,25.13,0.0,24.1
2025-07-14 09:00:00,24.87,3.45,19.0
2025-07-14 10:00:00,27.76,3.62,21.3
2025-07-14 11:00:00,22.57,3.69,21.0
2025-07-14 12:00:00,21.47,3.32,21.2
2025-07-14 13:00:00,21.53,3.23,21.5
2025-07-14 14:00:00,22.1,4.34,15.9
2025-07-14 15:00:00,24.8,4.21,17.1
2025-07-14 16:00:00,21.93,3.4,18.4
2025-07-14 17:00:00,21.06,3.03,24.7
2025-07-14 18:00:00,24.49,4.22,22.7
2025-07-14 19:00:00,20.36,3.33,22.2
2025-07-15 09:00:00,15.92,3.99,11.7
2025-07-15 10:00:00,15.95,4.22,8.6
2025-07-15 11:00:00,17.9,3.94,10.2
2025-07-15 12:00:00,17.32,3.01,12.6
2025-07-15 13:00:00,16.3,3.38,12.9
2025-07-15 14:00:00,15.26,2.93,7.7
2025-07-15 15:00:00,17.88,3.0,14.3
2025-07-15 16:00:00,12.5,4.49,11.2
2025-07-15 17:00:00,16.47,3.37,11.6
2025-07-15 18:00:00,16.59,4.19,11.0
2025-07-15 19:00:00,16.97,3.46,10.7
2025-07-16 09:00:00,27.33,0.09,4.9
2025-07-16 10:00:00,25.88,0.17,4.2
2025-07-16 11:00:00,24.29,0.1,3.3
2025-07-16 12:00:00,26.66,0.0,7.3
2025-07-16 13:00:00,26.79,0.13,7.2
2025-07-16 14:00:00,29.18,0.51,1.6
2025-07-16 15:00:00,23.29,0.0,5.3
2025-07-16 16:00:00,26.88,0.0,5.6
2025-07-16 17:00:00,24.34,0.0,2.4
2025-07-16 18:00:00,24.0,0.0,3.3
2025-07-16 19:00:00,27.95,0.0,10.5
2025-07-17 09:00:00,28.36,1.77,8.0
2025-07-17 10:00:00,32.08,2.01,10.0
2025-07-17 11:00:00,25.55,2.04,11.2
2025-07-17 12:00:00,25.71,2.96,9.1
2025-07-17 13:00:00,25.83,2.37,9.7
2025-07-17 14:00:00,28.2,1.27,6.3
2025-07-17 15:00:00,26.46,2.02,8.9
2025-07-17 16:00:00,27.32,1.39,8.5
2025-07-17 17:00:00,28.18,2.33,9.9
2025-07-17 18:00:00,28.63,2.28,7.6
2025-07-17 19:00:00,23.64,2.27,8.1
2025-07-18 09:00:00,27.74,0.0,8.0
2025-07-18 10:00:00,25.69,0.01,8.5
2025-07-18 11:00:00,24.6,0.05,5.7
2025-07-18 12:00:00,24.76,0.0,7.0
2025-07-18 13:00:00,24.67,0.63,4.8
2025-07-18 14:00:00,25.26,0.0,9.5
2025-07-18 15:00:00,26.02,0.52,3.6
2025-07-18 16:00:00,26.16,0.44,6.8
2025-07-18 17:00:00,27.76,0.0,9.4
2025-07-18 18:00:00,30.23,0.0,5.7
2025-07-18 19:00:00,28.54,0.79,5.5
2025-07-19 09:00:00,19.64,0.15,3.7
2025-07-19 10:00:00,21.41,0.77,8.4
2025-07-19 11:00:00,19.48,1.15,4.8
2025-07-19 12:00:00,21.38,0.99,3.0
2025-07-19 13:00:00,22.24,0.74,6.3
2025-07-19 14:00:00,22.06,1.88,4.0
2025-07-19 15:00:00,20.42,0.34,4.2
2025-07-19 16:00:00,20.2,1.25,8.1
2025-07-19 17:00:00,20.34,0.24,6.2
2025-07-19 18:00:00,20.37,0.97,5.7
2025-07-19 19:00:00,18.45,1.43,8.9
2025-07-20 09:00:00,20.99,0.67,17.4
2025-07-20 10:00:00,19.97,0.0,10.7
2025-07-20 11:00:00,18.86,0.32,17.0
2025-07-20 12:00:00,19.29,0.45,13.4
2025-07-20 13:00:00,22.7,1.6,12.4
2025-07-20 14:00:00,19.34,0.86,14.8
2025-07-20 15:00:00,24.02,0.63,12.7
2025-07-20 16:00:00,21.5,0.89,15.1
2025-07-20 17:00:00,21.34,0.87,15.8
2025-07-20 18:00:00,23.09,0.66,13.1
2025-07-20 19:00:00,20.62,0.94,11.8
2025-07-21 09:00:00,28.77,0.42,12.2
2025-07-21 10:00:00,23.49,0.69,13.4
2025-07-21 11:00:00,30.54,0.17,12.6
2025-07-21 12:00:00,26.71,1.11,12.0
2025-07-21 13:00:00,26.77,0.62,12.5
2025-07-21 14:00:00,25.32,0.42,14.3
2025-07-21 15:00:00,24.16,0.39,10.7
2025-07-21 16:00:00,28.6,0.0,11.0
2025-07-21 17:00:00,26.97,1.1,12.0
2025-07-21 18:00:00,25.1,1.26,9.2
2025-07-21 19:00:00,21.81,0.54,11.1
2025-07-22 09:00:00,16.74,2.98,15.0
2025-07-22 10:00:00,19.17,3.58,16.9
2025-07-22 11:00:00,15.73,2.86,11.8
2025-07-22 12:00:00,17.78,3.75,12.7
2025-07-22 13:00:00,18.58,3.0,16.1
2025-07-22 14:00:00,17.71,4.18,13.9
2025-07-22 15:00:00,18.79,3.91,14.1
2025-07-22 16:00:00,19.16,4.29,13.6
2025-07-22 17:00:00,19.29,3.58,16.1
2025-07-22 18:00:00,16.52,4.53,13.1
2025-07-22 19:00:00,15.01,3.69,11.9
2025-07-23 09:00:00,25.26,0.0,4.9
2025-07-23 10:00:00,25.88,0.38,11.3
2025-07-23 11:00:00,29.89,0.0,9.7
2025-07-23 12:00:00,29.04,0.0,12.8
2025-07-23 13:00:00,30.8,0.0,9.8
2025-07-23 14:00:00,29.46,0.0,9.3
2025-07-23 15:00:00,27.68,0.0,9.2
2025-07-23 16:00:00,32.64,0.32,8.6
2025-07-23 17:00:00,30.19,0.7,11.6
2025-07-23 18:00:00,29.16,0.0,11.2
2025-07-23 19:00:00,29.83,0.45,11.0
2025-07-24 09:00:00,30.69,1.04,17.2
2025-07-24 10:00:00,33.77,0.1,17.3
2025-07-24 11:00:00,29.33,0.0,19.4
2025-07-24 12:00:00,31.34,0.0,18.5
2025-07-24 13:00:00,34.58,0.86,19.5
2025-07-24 14:00:00,30.37,0.06,19.8
2025-07-24 15:00:00,28.25,0.0,15.2
2025-07-24 16:00:00,31.1,0.32,17.6
2025-07-24 17:00:00,33.45,0.0,15.7
2025-07-24 18:00:00,30.75,0.52,22.0
2025-07-24 19:00:00,29.38,0.54,18.5
2025-07-25 09:00:00,19.81,4.89,18.0
2025-07-25 10:00:00,21.71,4.35,16.2
2025-07-25 11:00:00,23.49,3.88,13.9
2025-07-25 12:00:00,22.91,4.74,16.3
2025-07-25 13:00:00,22.22,4.54,9.6
2025-07-25 14:00:00,25.26,3.28,14.5
2025-07-25 15:00:00,20.72,3.5,17.6
2025-07-25 16:00:00,22.03,4.32,15.2
2025-07-25 17:00:00,23.92,4.19,12.7
2025-07-25 18:00:00,24.96,3.9,12.1
2025-07-25 19:00:00,22.11,4.9,17.0
2025-07-26 09:00:00,26.06,0.64,11.3
2025-07-26 10:00:00,23.97,0.57,9.9
2025-07-26 11:00:00,21.52,0.42,10.3
2025-07-26 12:00:00,23.36,0.48,11.9
2025-07-26 13:00:00,21.75,0.49,6.4
2025-07-26 14:00:00,23.74,0.63,12.4
2025-07-26 15:00:00,16.12,1.5,10.1
2025-07-26 16:00:00,24.12,0.0,11.6
2025-07-26 17:00:00,19.8,0.14,14.2
2025-07-26 18:00:00,21.53,0.56,12.1
2025-07-26 19:00:00,22.9,0.53,11.1
2025-07-27 09:00:00,40.52,1.88,15.4
2025-07-27 10:00:00,39.7,0.76,16.3
2025-07-27 11:00:00,36.13,1.48,11.5
2025-07-27 12:00:00,38.29,1.49,13.6
2025-07-27 13:00:00,39.26,2.13,13.9
2025-07-27 14:00:00,37.93,1.81,15.4
2025-07-27 15:00:00,35.97,1.63,14.4
2025-07-27 16:00:00,37.83,2.01,12.7
2025-07-27 17:00:00,38.67,1.24,13.0
2025-07-27 18:00:00,36.23,0.61,16.2
2025-07-27 19:00:00,36.73,0.83,8.7
2025-07-28 09:00:00,22.19,0.0,24.7
2025-07-28 10:00:00,22.13,0.0,15.2
2025-07-28 11:00:00,24.75,0.0,16.9
2025-07-28 12:00:00,22.21,1.22,23.0
2025-07-28 13:00:00,21.29,0.3,21.9
2025-07-28 14:00:00,21.68,0.14,20.4
2025-07-28 15:00:00,20.04,0.0,19.6
2025-07-28 16:00:00,16.78,0.0,18.2
2025-07-28 17:00:00,17.96,0.09,23.0
2025-07-28 18:00:00,22.0,0.0,18.2
2025-07-28 19:00:00,22.05,0.0,19.8
2025-07-29 09:00:00,24.63,0.0,13.2
2025-07-29 10:00:00,24.11,0.22,12.5
2025-07-29 11:00:00,28.41,0.11,15.3
2025-07-29 12:00:00,27.55,0.0,12.8
2025-07-29 13:00:00,28.39,0.02,12.6
2025-07-29 14:00:00,25.9,0.0,9.7
2025-07-29 15:00:00,30.8,0.0,11.1
2025-07-29 16:00:00,25.86,0.45,11.9
2025-07-29 17:00:00,29.8,0.0,13.1
2025-07-29 18:00:00,25.63,1.07,10.2
2025-07-29 19:00:00,27.92,0.32,13.4
2025-07-30 09:00:00,22.59,1.59,16.6
2025-07-30 10:00:00,21.77,0.43,12.0
2025-07-30 11:00:00,28.05,0.71,15.5
2025-07-30 12:00:00,26.24,0.83,13.4
2025-07-30 13:00:00,26.15,0.92,11.8
2025-07-30 14:00:00,21.72,0.6,10.9
2025-07-30 15:00:00,20.44,1.13,10.7
2025-07-30 16:00:00,23.36,0.33,12.9
2025-07-30 17:00:00,24.56,0.11,13.0
2025-07-30 18:00:00,25.34,0.51,15.6
2025-07-30 19:00:00,23.73,0.76,12.1
2025-07-31 09:00:00,25.51,1.81,11.9
2025-07-31 10:00:00,27.13,1.28,13.2
2025-07-31 11:00:00,29.82,2.27,15.9
2025-07-31 12:00:00,25.17,1.57,17.1
2025-07-31 13:00:00,27.63,2.89,15.5
2025-07-31 14:00:00,27.73,1.57,15.0
2025-07-31 15:00:00,27.05,2.08,16.6
2025-07-31 16:00:00,25.78,1.06,11.0
2025-07-31 17:00:00,28.37,1.18,10.4
2025-07-31 18:00:00,28.13,2.97,14.7
2025-07-31 19:00:00,29.03,1.77,14.5
2025-08-01 09:00:00,30.16,0.3,15.3
2025-08-01 10:00:00,29.16,0.25,14.4
2025-08-01 11:00:00,27.72,0.64,13.3
2025-08-01 12:00:00,31.69,0.87,13.3
2025-08-01 13:00:00,31.15,1.32,14.5
2025-08-01 14:00:00,29.54,0.0,11.2
2025-08-01 15:00:00,28.9,0.32,13.0
2025-08-01 16:00:00,29.63,0.89,13.2
2025-08-01 17:00:00,30.49,0.66,9.4
2025-08-01 18:00:00,27.64,0.56,10.9
2025-08-01 19:00:00,30.71,1.39,15.8
2025-08-02 09:00:00,22.05,5.67,12.1
2025-08-02 10:00:00,21.94,6.06,13.1
2025-08-02 11:00:00,22.73,6.19,15.1
2025-08-02 12:00:00,24.62,5.23,7.6
2025-08-02 13:00:00,24.59,5.29,12.3
2025-08-02 14:00:00,20.38,5.07,13.8
2025-08-02 15:00:00,24.24,5.68,7.6
2025-08-02 16:00:00,21.63,6.17,9.8
2025-08-02 17:00:00,23.09,5.96,13.9
2025-08-02 18:00:00,22.96,5.49,15.1
2025-08-02 19:00:00,22.4,5.96,10.9
2025-08-03 09:00:00,24.76,0.0,7.9
2025-08-03 10:00:00,24.28,0.0,9.8
2025-08-03 11:00:00,23.42,0.0,14.8
2025-08-03 12:00:00,22.7,0.0,15.4
2025-08-03 13:00:00,20.13,0.37,11.7
2025-08-03 14:00:00,23.94,0.78,11.2
2025-08-03 15:00:00,19.83,0.23,9.8
2025-08-03 16:00:00,25.37,0.07,10.4
2025-08-03 17:00:00,21.71,0.0,9.2
2025-08-03 18:00:00,23.74,0.0,9.0
2025-08-03 19:00:00,22.41,0.59,12.6
2025-08-04 09:00:00,32.98,0.0,4.4
2025-08-04 10:00:00,32.63,0.28,5.8
2025-08-04 11:00:00,34.31,0.0,6.7
2025-08-04 12:00:00,30.09,0.13,7.9
2025-08-04 13:00:00,30.99,0.27,7.0
2025-08-04 14:00:00,29.25,0.0,2.8
2025-08-04 15:00:00,26.04,1.03,2.7
2025-08-04 16:00:00,29.53,0.0,5.5
2025-08-04 17:00:00,31.61,0.43,3.7
2025-08-04 18:00:00,29.64,0.14,4.4
2025-08-04 19:00:00,33.19,0.25,6.4
2025-08-05 09:00:00,25.38,5.22,11.6
2025-08-05 10:00:00,26.92,5.31,15.4
2025-08-05 11:00:00,28.02,5.17,16.3
2025-08-05 12:00:00,28.46,6.32,14.0
2025-08-05 13:00:00,24.46,5.4,13.7
2025-08-05 14:00:00,30.56,5.36,12.6
2025-08-05 15:00:00,25.53,4.92,11.2
2025-08-05 16:00:00,26.82,5.31,16.2
2025-08-05 17:00:00,28.77,4.42,13.8
2025-08-05 18:00:00,30.37,4.72,12.6
2025-08-05 19:00:00,28.01,4.63,14.2
2025-08-06 09:00:00,22.4,3.12,6.8
2025-08-06 10:00:00,26.73,2.56,8.0
2025-08-06 11:00:00,25.14,2.05,4.0
2025-08-06 12:00:00,20.22,3.39,6.5
2025-08-06 13:00:00,28.39,2.48,7.9
2025-08-06 14:00:00,26.36,3.76,11.7
2025-08-06 15:00:00,25.69,3.27,8.7
2025-08-06 16:00:00,24.83,2.48,5.9
2025-08-06 17:00:00,23.27,2.67,6.7
2025-08-06 18:00:00,24.67,3.24,7.7
2025-08-06 19:00:00,26.23,2.19,7.2
2025-08-07 09:00:00,19.46,0.76,12.8
2025-08-07 10:00:00,17.65,0.93,14.0
2025-08-07 11:00:00,20.86,0.0,9.7
2025-08-07 12:00:00,18.95,0.54,15.4
2025-08-07 13:00:00,22.79,0.0,9.3
2025-08-07 14:00:00,19.98,0.0,12.2
2025-08-07 15:00:00,19.4,0.0,8.4
2025-08-07 16:00:00,20.73,0.0,9.2
2025-08-07 17:00:00,13.95,0.0,15.1
2025-08-07 18:00:00,23.02,0.0,10.4
2025-08-07 19:00:00,20.64,0.0,12.2
2025-08-08 09:00:00,28.19,4.74,9.8
2025-08-08 10:00:00,28.14,5.36,13.3
2025-08-08 11:00:00,26.99,5.93,11.0
2025-08-08 12:00:00,28.55,4.81,6.7
2025-08-08 13:00:00,30.36,5.55,10.9
2025-08-08 14:00:00,28.73,5.44,8.4
2025-08-08 15:00:00,27.54,5.58,9.0
2025-08-08 16:00:00,29.18,4.5,12.4
2025-08-08 17:00:00,28.53,4.37,13.8
2025-08-08 18:00:00,27.13,4.78,11.9
2025-08-08 19:00:00,30.89,4.67,11.6
2025-08-09 09:00:00,25.84,3.17,13.1
2025-08-09 10:00:00,24.43,2.12,13.8
2025-08-09 11:00:00,28.38,2.4,10.9
2025-08-09 12:00:00,27.81,4.61,12.9
2025-08-09 13:00:00,25.12,3.49,15.6
2025-08-09 14:00:00,25.28,3.18,11.9
2025-08-09 15:00:00,24.67,3.64,16.1
2025-08-09 16:00:00,27.22,3.45,12.3
2025-08-09 17:00:00,23.45,4.02,12.7
2025-08-09 18:00:00,26.21,5.18,13.5
2025-08-09 19:00:00,25.07,3.37,15.2
2025-08-10 09:00:00,23.34,0.94,18.8
2025-08-10 10:00:00,23.78,0.64,16.7
2025-08-10 11:00:00,26.39,0.24,14.9
2025-08-10 12:00:00,23.39,0.51,15.9
2025-08-10 13:00:00,23.87,0.0,17.4
2025-08-10 14:00:00,28.8,0.0,16.6
2025-08-10 15:00:00,27.5,0.0,17.5
2025-08-10 16:00:00,22.55,0.21,16.2
2025-08-10 17:00:00,26.65,0.59,21.8
2025-08-10 18:00:00,25.84,0.16,17.0
2025-08-10 19:00:00,23.97,0.17,16.0
2025-08-11 09:00:00,27.29,6.11,6.7
2025-08-11 10:00:00,20.77,5.15,9.6
2025-08-11 11:00:00,24.97,4.95,6.0
2025-08-11 12:00:00,26.69,5.73,6.5
2025-08-11 13:00:00,24.28,5.26,5.1
2025-08-11 14:00:00,28.24,5.29,9.4
2025-08-11 15:00:00,28.05,5.95,6.1
2025-08-11 16:00:00,25.82,5.44,5.2
2025-08-11 17:00:00,25.66,4.86,9.3
2025-08-11 18:00:00,24.08,5.55,7.5
2025-08-11 19:00:00,24.49,5.75,6.0
2025-08-12 09:00:00,33.11,0.0,11.3
2025-08-12 10:00:00,30.26,0.09,13.3
2025-08-12 11:00:00,30.21,0.32,14.9
2025-08-12 12:00:00,30.05,0.0,14.0
2025-08-12 13:00:00,33.03,0.0,10.7
2025-08-12 14:00:00,31.44,0.0,8.3
2025-08-12 15:00:00,30.92,0.0,12.5
2025-08-12 16:00:00,29.89,0.1,14.1
2025-08-12 17:00:00,28.36,0.26,12.1
2025-08-12 18:00:00,30.71,0.31,10.8
2025-08-12 19:00:00,31.4,0.0,14.2
2025-08-13 09:00:00,25.51,7.0,10.3
2025-08-13 10:00:00,27.8,6.21,8.8
2025-08-13 11:00:00,24.07,7.49,14.3
2025-08-13 12:00:00,25.99,6.93,11.0
2025-08-13 13:00:00,28.53,6.55,11.4
2025-08-13 14:00:00,28.15,7.27,11.3
2025-08-13 15:00:00,28.21,5.66,12.2
2025-08-13 16:00:00,24.9,6.1,11.9
2025-08-13 17:00:00,28.95,6.95,12.8
2025-08-13 18:00:00,29.43,7.67,14.2
2025-08-13 19:00:00,27.69,7.05,7.7
2025-08-14 09:00:00,22.17,0.06,24.0
2025-08-14 10:00:00,22.61,0.85,21.6
2025-08-14 11:00:00,22.91,0.0,20.2
2025-08-14 12:00:00,21.3,0.0,22.0
2025-08-14 13:00:00,21.14,0.0,22.7
2025-08-14 14:00:00,19.51,0.38,23.0
2025-08-14 15:00:00,19.61,0.0,21.4
2025-08-14 16:00:00,23.16,0.67,19.1
2025-08-14 17:00:00,22.75,0.0,24.2
2025-08-14 18:00:00,22.95,0.0,22.2
2025-08-14 19:00:00,20.93,0.54,22.9
2025-08-15 09:00:00,32.38,0.42,5.3
2025-08-15 10:00:00,35.94,1.57,5.3
2025-08-15 11:00:00,37.2,1.08,8.8
2025-08-15 12:00:00,38.63,1.77,7.9
2025-08-15 13:00:00,33.62,0.24,7.0
2025-08-15 14:00:00,34.98,0.82,8.2
2025-08-15 15:00:00,35.56,1.21,7.2
2025-08-15 16:00:00,35.74,1.54,6.3
2025-08-15 17:00:00,38.23,1.27,8.5
2025-08-15 18:00:00,36.82,1.43,10.4
2025-08-15 19:00:00,35.98,1.01,9.2
2025-08-16 09:00:00,16.72,1.76,8.1
2025-08-16 10:00:00,16.04,1.87,12.2
2025-08-16 11:00:00,15.08,2.46,10.1
2025-08-16 12:00:00,19.08,2.04,10.5
2025-08-16 13:00:00,20.69,1.23,13.7
2025-08-16 14:00:00,19.14,1.49,14.6
2025-08-16 15:00:00,16.64,1.97,12.4
2025-08-16 16:00:00,16.87,2.23,13.4
2025-08-16 17:00:00,13.64,2.48,8.5
2025-08-16 18:00:00,19.2,2.39,9.7
2025-08-16 19:00:00,16.32,1.27,11.4
2025-08-17 09:00:00,24.94,3.56,18.1
2025-08-17 10:00:00,18.78,3.44,20.5
2025-08-17 11:00:00,25.38,3.22,17.4
2025-08-17 12:00:00,22.1,3.98,16.9
2025-08-17 13:00:00,23.0,3.6,18.5
2025-08-17 14:00:00,23.24,3.84,17.7
2025-08-17 15:00:00,21.93,3.79,17.8
2025-08-17 16:00:00,21.63,4.64,19.7
2025-08-17 17:00:00,21.56,4.19,17.9
2025-08-17 18:00:00,24.5,4.02,18.3
2025-08-17 19:00:00,23.05,3.05,16.3
2025-08-18 09:00:00,21.3,2.25,21.7
2025-08-18 10:00:00,13.23,1.66,19.1
2025-08-18 11:00:00,15.59,1.84,19.7
2025-08-18 12:00:00,12.88,2.3,18.5
2025-08-18 13:00:00,17.31,2.97,18.8
2025-08-18 14:00:00,11.78,1.79,22.9
2025-08-18 15:00:00,20.75,1.31,21.7
2025-08-18 16:00:00,15.91,1.88,26.0
2025-08-18 17:00:00,13.83,2.06,21.6
2025-08-18 18:00:00,19.01,1.98,21.3
2025-08-18 19:00:00,16.05,2.06,20.0
2025-08-19 09:00:00,27.67,0.95,13.8
2025-08-19 10:00:00,24.18,1.02,12.1
2025-08-19 11:00:00,26.42,0.09,16.6
2025-08-19 12:00:00,23.46,1.96,16.0
2025-08-19 13:00:00,28.18,0.36,14.5
2025-08-19 14:00:00,28.77,0.71,15.0
2025-08-19 15:00:00,27.91,0.29,13.6
2025-08-19 16:00:00,27.34,0.96,15.1
2025-08-19 17:00:00,21.85,0.72,14.3
2025-08-19 18:00:00,27.69,0.2,16.1
2025-08-19 19:00:00,29.62,0.0,14.7
2025-08-20 09:00:00,19.89,0.48,9.9
2025-08-20 10:00:00,19.62,0.26,7.6
2025-08-20 11:00:00,19.03,0.4,10.4
2025-08-20 12:00:00,20.55,0.35,9.6
2025-08-20 13:00:00,20.31,0.0,7.1
2025-08-20 14:00:00,17.84,0.0,7.5
2025-08-20 15:00:00,17.88,0.0,8.3
2025-08-20 16:00:00,14.38,0.11,8.9
2025-08-20 17:00:00,16.54,0.33,10.7
2025-08-20 18:00:00,14.95,0.0,7.3
2025-08-20 19:00:00,16.29,0.41,8.5
2025-08-21 09:00:00,19.93,0.03,15.7
2025-08-21 10:00:00,25.13,0.0,9.1
2025-08-21 11:00:00,22.78,0.9,17.7
2025-08-21 12:00:00,22.83,0.0,16.8
2025-08-21 13:00:00,20.47,0.24,16.2
2025-08-21 14:00:00,24.53,1.38,16.0
2025-08-21 15:00:00,21.39,0.0,11.6
2025-08-21 16:00:00,21.02,0.0,14.1
2025-08-21 17:00:00,22.72,0.0,17.4
2025-08-21 18:00:00,22.41,0.0,14.5
2025-08-21 19:00:00,22.72,0.41,13.4
2025-08-22 09:00:00,18.41,0.35,7.0
2025-08-22 10:00:00,20.58,0.69,7.0
2025-08-22 11:00:00,19.78,0.78,5.1
2025-08-22 12:00:00,20.58,0.3,0.4
2025-08-22 13:00:00,19.78,1.3,7.1
2025-08-22 14:00:00,21.98,1.21,5.4
2025-08-22 15:00:00,20.45,0.28,4.6
2025-08-22 16:00:00,21.28,1.19,5.0
2025-08-22 17:00:00,19.15,0.59,6.5
2025-08-22 18:00:00,17.16,0.0,4.2
2025-08-22 19:00:00,17.61,0.33,5.0
2025-08-23 09:00:00,21.88,6.17,11.4
2025-08-23 10:00:00,23.36,5.82,15.0
2025-08-23 11:00:00,19.14,5.08,15.3
2025-08-23 12:00:00,22.03,5.41,11.9
2025-08-23 13:00:00,23.53,5.26,16.9
2025-08-23 14:00:00,19.48,6.18,13.0
2025-08-23 15:00:00,22.49,5.59,13.3
2025-08-23 16:00:00,21.36,5.36,15.1
2025-08-23 17:00:00,20.25,5.74,11.6
2025-08-23 18:00:00,16.16,5.76,18.5
2025-08-23 19:00:00,22.85,5.85,13.1
2025-08-24 09:00:00,26.36,3.5,7.5
2025-08-24 10:00:00,25.01,3.15,7.4
2025-08-24 11:00:00,25.32,2.96,4.9
2025-08-24 12:00:00,24.34,3.92,3.6
2025-08-24 13:00:00,21.2,3.22,6.2
2025-08-24 14:00:00,24.48,3.26,5.6
2025-08-24 15:00:00,27.11,2.34,4.4
2025-08-24 16:00:00,23.93,2.32,5.7
2025-08-24 17:00:00,27.46,3.15,6.6
2025-08-24 18:00:00,21.61,2.83,5.3
2025-08-24 19:00:00,23.5,3.78,7.2
2025-08-25 09:00:00,19.61,3.03,12.5
2025-08-25 10:00:00,15.71,1.61,14.0
2025-08-25 11:00:00,18.26,2.73,14.3
2025-08-25 12:00:00,16.69,2.32,12.8
2025-08-25 13:00:00,21.51,1.44,14.9
2025-08-25 14:00:00,21.38,2.24,14.1
2025-08-25 15:00:00,16.62,2.15,17.2
2025-08-25 16:00:00,12.91,3.01,11.6
2025-08-25 17:00:00,16.8,2.02,15.7
2025-08-25 18:00:00,14.14,2.47,18.5
2025-08-25 19:00:00,14.6,2.33,13.2
2025-08-26 09:00:00,27.53,2.46,8.4
2025-08-26 10:00:00,27.99,0.91,6.9
2025-08-26 11:00:00,27.5,2.3,9.5
2025-08-26 12:00:00,25.93,1.56,6.3
2025-08-26 13:00:00,27.76,2.0,7.9
2025-08-26 14:00:00,25.62,1.69,7.9
2025-08-26 15:00:00,26.42,2.61,8.3
2025-08-26 16:00:00,25.84,1.23,10.3
2025-08-26 17:00:00,26.19,1.23,11.4
2025-08-26 18:00:00,29.39,1.26,5.1
2025-08-26 19:00:00,28.57,1.22,10.4
2025-08-27 09:00:00,13.64,4.18,4.0
2025-08-27 10:00:00,11.37,4.52,6.2
2025-08-27 11:00:00,13.35,5.17,2.8
2025-08-27 12:00:00,15.41,4.23,4.1
2025-08-27 13:00:00,9.52,4.08,7.8
2025-08-27 14:00:00,11.92,4.93,3.0
2025-08-27 15:00:00,12.16,3.55,6.7
2025-08-27 16:00:00,13.95,3.97,0.7
2025-08-27 17:00:00,12.58,4.4,6.8
2025-08-27 18:00:00,14.65,3.64,7.3
2025-08-27 19:00:00,14.56,3.29,6.6
2025-08-28 09:00:00,20.0,0.92,13.8
2025-08-28 10:00:00,18.8,0.71,15.1
2025-08-28 11:00:00,18.68,1.59,14.7
2025-08-28 12:00:00,17.52,0.92,16.1
2025-08-28 13:00:00,19.01,1.02,14.7
2025-08-28 14:00:00,22.54,1.13,12.5
2025-08-28 15:00:00,23.82,2.12,15.7
2025-08-28 16:00:00,21.15,0.85,12.1
2025-08-28 17:00:00,22.02,1.46,16.5
2025-08-28 18:00:00,22.28,0.5,15.8
2025-08-28 19:00:00,18.98,1.06,14.2
2025-08-29 09:00:00,35.61,11.1,16.8
2025-08-29 10:00:00,35.33,11.73,15.5
2025-08-29 11:00:00,36.97,11.16,15.9
2025-08-29 12:00:00,37.65,10.52,13.9
2025-08-29 13:00:00,33.77,11.05,16.6
2025-08-29 14:00:00,36.89,11.67,15.0
2025-08-29 15:00:00,37.31,10.28,14.3
2025-08-29 16:00:00,37.37,11.25,14.4
2025-08-29 17:00:00,35.83,10.07,14.3
2025-08-29 18:00:00,37.75,11.12,16.0
2025-08-29 19:00:00,36.07,10.83,13.7
2025-08-30 09:00:00,27.14,1.69,16.7
2025-08-30 10:00:00,27.24,2.33,15.8
2025-08-30 11:00:00,27.41,3.29,15.7
2025-08-30 12:00:00,29.56,2.08,16.9
2025-08-30 13:00:00,28.72,2.58,14.7
2025-08-30 14:00:00,24.64,2.97,12.4
2025-08-30 15:00:00,25.49,2.0,16.7
2025-08-30 16:00:00,26.93,3.53,13.4
2025-08-30 17:00:00,24.78,2.2,16.9
2025-08-30 18:00:00,27.88,2.49,14.8
2025-08-30 19:00:00,29.2,3.32,17.4
2025-08-31 09:00:00,22.36,0.0,8.0
2025-08-31 10:00:00,22.53,0.0,10.0
2025-08-31 11:00:00,20.32,0.0,8.1
2025-08-31 12:00:00,23.62,0.52,6.2
2025-08-31 13:00:00,19.98,0.0,8.6
2025-08-31 14:00:00,21.67,0.0,8.1
2025-08-31 15:00:00,19.83,0.1,10.1
2025-08-31 16:00:00,20.4,0.09,8.8
2025-08-31 17:00:00,21.3,0.84,12.6
2025-08-31 18:00:00,19.24,0.41,11.6
2025-08-31 19:00:00,19.54,0.41,13.0
2025-09-01 09:00:00,17.81,0.28,17.8
2025-09-01 10:00:00,18.05,0.0,19.2
2025-09-01 11:00:00,19.6,0.0,17.0
2025-09-01 12:00:00,14.2,0.26,18.2
2025-09-01 13:00:00,17.14,0.56,16.4
2025-09-01 14:00:00,18.39,0.0,17.0
2025-09-01 15:00:00,16.92,0.11,16.3
2025-09-01 16:00:00,17.0,0.41,16.2
2025-09-01 17:00:00,14.05,0.87,19.9
2025-09-01 18:00:00,14.68,0.34,16.1
2025-09-01 19:00:00,17.79,0.15,16.6
2025-09-02 09:00:00,17.63,0.0,6.0
2025-09-02 10:00:00,20.66,0.74,6.3
2025-09-02 11:00:00,19.78,0.25,8.4
2025-09-02 12:00:00,19.45,0.37,8.4
2025-09-02 13:00:00,16.82,0.43,9.2
2025-09-02 14:00:00,17.77,0.02,8.8
2025-09-02 15:00:00,18.88,0.54,12.1
2025-09-02 16:00:00,17.73,0.0,8.0
2025-09-02 17:00:00,20.74,0.0,10.3
2025-09-02 18:00:00,16.62,0.35,6.2
2025-09-02 19:00:00,22.74,1.0,5.9
2025-09-03 09:00:00,20.61,4.09,6.2
2025-09-03 10:00:00,20.67,3.73,9.1
2025-09-03 11:00:00,23.59,3.45,11.7
2025-09-03 12:00:00,20.14,3.94,11.6
2025-09-03 13:00:00,21.38,4.36,12.0
2025-09-03 14:00:00,20.04,3.77,7.9
2025-09-03 15:00:00,19.05,5.55,12.6
2025-09-03 16:00:00,18.0,3.42,11.0
2025-09-03 17:00:00,21.8,4.35,9.6
2025-09-03 18:00:00,20.45,4.24,10.2
2025-09-03 19:00:00,16.26,3.96,8.4
2025-09-04 09:00:00,24.42,10.92,14.8
2025-09-04 10:00:00,25.89,10.76,18.0
2025-09-04 11:00:00,22.79,10.69,12.0
2025-09-04 12:00:00,26.16,10.0,13.0
2025-09-04 13:00:00,24.46,10.94,15.7
2025-09-04 14:00:00,22.56,10.48,12.4
2025-09-04 15:00:00,22.53,10.35,13.2
2025-09-04 16:00:00,29.9,10.67,11.1
2025-09-04 17:00:00,23.92,10.97,18.0
2025-09-04 18:00:00,21.88,9.52,17.6
2025-09-04 19:00:00,25.83,10.02,14.9
2025-09-05 09:00:00,10.03,1.0,13.8
2025-09-05 10:00:00,6.33,1.64,11.8
2025-09-05 11:00:00,7.37,1.01,14.9
2025-09-05 12:00:00,9.9,1.39,13.7
2025-09-05 13:00:00,5.29,1.36,13.5
2025-09-05 14:00:00,13.43,0.95,16.6
2025-09-05 15:00:00,10.18,1.65,17.2
2025-09-05 16:00:00,8.93,1.7,13.5
2025-09-05 17:00:00,10.63,2.06,12.4
2025-09-05 18:00:00,5.55,1.41,12.0
2025-09-05 19:00:00,8.06,2.13,12.7
2025-09-06 09:00:00,19.25,1.37,16.7
2025-09-06 10:00:00,26.14,1.43,12.5
2025-09-06 11:00:00,24.98,1.36,13.9
2025-09-06 12:00:00,22.49,1.58,15.0
2025-09-06 13:00:00,19.33,2.12,18.8
2025-09-06 14:00:00,25.05,1.11,15.8
2025-09-06 15:00:00,23.73,1.97,17.6
2025-09-06 16:00:00,22.27,1.72,17.2
2025-09-06 17:00:00,26.65,2.03,17.8
2025-09-06 18:00:00,23.91,2.38,17.1
2025-09-06 19:00:00,22.02,2.38,17.6
2025-09-07 09:00:00,22.27,0.16,14.1
2025-09-07 10:00:00,24.74,0.6,13.9
2025-09-07 11:00:00,23.22,0.0,14.3
2025-09-07 12:00:00,24.96,0.0,11.8
2025-09-07 13:00:00,20.04,0.0,11.9
2025-09-07 14:00:00,20.6,0.0,13.5
2025-09-07 15:00:00,23.15,0.0,16.5
2025-09-07 16:00:00,22.36,0.58,12.2
2025-09-07 17:00:00,23.05,0.0,15.3
2025-09-07 18:00:00,21.69,0.34,11.1
2025-09-07 19:00:00,19.55,0.36,11.6
2025-09-08 09:00:00,24.31,0.28,17.5
2025-09-08 10:00:00,25.39,0.29,16.8
2025-09-08 11:00:00,25.7,0.0,12.3
2025-09-08 12:00:00,27.48,0.0,16.4
2025-09-08 13:00:00,26.25,0.34,15.6
2025-09-08 14:00:00,26.12,0.37,16.9
2025-09-08 15:00:00,27.41,0.23,13.2
2025-09-08 16:00:00,28.29,0.31,14.2
2025-09-08 17:00:00,26.29,0.0,16.0
2025-09-08 18:00:00,27.45,0.72,18.4
2025-09-08 19:00:00,24.15,0.31,18.9
2025-09-09 09:00:00,28.37,4.9,24.2
2025-09-09 10:00:00,26.61,4.78,21.4
2025-09-09 11:00:00,29.45,4.36,25.1
2025-09-09 12:00:00,27.32,4.07,22.8
2025-09-09 13:00:00,22.12,5.09,23.8
2025-09-09 14:00:00,25.14,4.83,26.0
2025-09-09 15:00:00,25.31,4.24,25.0
2025-09-09 16:00:00,30.25,4.77,24.1
2025-09-09 17:00:00,29.0,4.4,21.1
2025-09-09 18:00:00,28.78,5.62,23.2
2025-09-09 19:00:00,24.56,5.77,21.0
2025-09-10 09:00:00,23.7,2.73,20.7
2025-09-10 10:00:00,22.08,2.81,14.7
2025-09-10 11:00:00,21.4,2.65,17.5
2025-09-10 12:00:00,22.76,2.42,23.3
2025-09-10 13:00:00,25.14,2.29,19.5
2025-09-10 14:00:00,21.84,2.3,20.2
2025-09-10 15:00:00,20.47,1.96,21.0
2025-09-10 16:00:00,23.25,2.12,21.6
2025-09-10 17:00:00,20.73,2.65,21.4
2025-09-10 18:00:00,21.92,2.75,18.7
2025-09-10 19:00:00,21.6,2.42,18.3
2025-09-11 09:00:00,22.37,0.0,9.1
2025-09-11 10:00:00,22.82,0.24,11.3
2025-09-11 11:00:00,21.64,0.0,7.5
2025-09-11 12:00:00,21.96,0.0,8.0
2025-09-11 13:00:00,20.35,0.0,9.9
2025-09-11 14:00:00,24.13,0.0,8.7
2025-09-11 15:00:00,21.09,0.0,7.8
2025-09-11 16:00:00,24.09,0.0,8.8
2025-09-11 17:00:00,23.54,0.09,14.9
2025-09-11 18:00:00,23.64,0.0,9.4
2025-09-11 19:00:00,19.39,0.0,7.9
2025-09-12 09:00:00,28.22,0.87,10.8
2025-09-12 10:00:00,33.16,0.41,12.4
2025-09-12 11:00:00,30.23,0.2,7.6
2025-09-12 12:00:00,28.93,0.42,11.3
2025-09-12 13:00:00,26.68,0.0,14.8
2025-09-12 14:00:00,31.99,0.0,13.3
2025-09-12 15:00:00,28.76,0.0,9.6
2025-09-12 16:00:00,32.62,0.0,10.9
2025-09-12 17:00:00,28.89,0.95,14.7
2025-09-12 18:00:00,33.93,0.0,12.0
2025-09-12 19:00:00,26.46,0.74,9.1
2025-09-13 09:00:00,23.63,0.0,8.0
2025-09-13 10:00:00,24.2,0.42,6.8
2025-09-13 11:00:00,25.74,0.61,8.0
2025-09-13 12:00:00,23.86,0.0,11.4
2025-09-13 13:00:00,25.69,0.0,10.0
2025-09-13 14:00:00,23.1,0.34,9.9
2025-09-13 15:00:00,24.69,0.0,7.3
2025-09-13 16:00:00,26.37,0.61,7.8
2025-09-13 17:00:00,26.22,0.0,7.9
2025-09-13 18:00:00,25.24,0.0,7.2
2025-09-13 19:00:00,23.97,0.15,8.7
2025-09-14 09:00:00,11.49,0.0,8.0
2025-09-14 10:00:00,9.52,0.69,8.2
2025-09-14 11:00:00,11.34,0.07,4.7
2025-09-14 12:00:00,12.11,0.11,10.0
2025-09-14 13:00:00,18.42,0.0,12.4
2025-09-14 14:00:00,10.0,0.14,8.9
2025-09-14 15:00:00,9.72,0.0,9.6
2025-09-14 16:00:00,7.54,0.38,8.1
2025-09-14 17:00:00,8.31,0.0,11.5
2025-09-14 18:00:00,9.5,0.18,7.5
2025-09-14 19:00:00,12.09,0.34,12.7
2025-09-15 09:00:00,25.54,3.15,14.0
2025-09-15 10:00:00,22.56,3.47,12.7
2025-09-15 11:00:00,23.45,3.45,12.9
2025-09-15 12:00:00,26.1,4.0,14.2
2025-09-15 13:00:00,22.04,3.06,14.4
2025-09-15 14:00:00,24.7,4.24,11.3
2025-09-15 15:00:00,22.49,2.69,11.7
2025-09-15 16:00:00,24.94,3.27,13.8
2025-09-15 17:00:00,22.57,3.67,10.2
2025-09-15 18:00:00,23.12,2.01,12.1
2025-09-15 19:00:00,19.69,4.11,14.0
2025-09-16 09:00:00,30.29,6.53,6.8
2025-09-16 10:00:00,29.07,5.51,5.6
2025-09-16 11:00:00,25.58,5.8,5.1
2025-09-16 12:00:00,29.25,5.93,8.0
2025-09-16 13:00:00,25.66,5.15,7.8
2025-09-16 14:00:00,22.98,6.03,4.5
2025-09-16 15:00:00,30.77,6.52,7.5
2025-09-16 16:00:00,29.33,5.64,8.3
2025-09-16 17:00:00,27.2,6.2,9.8
2025-09-16 18:00:00,28.27,6.21,3.9
2025-09-16 19:00:00,24.88,6.0,7.4
2025-09-17 09:00:00,18.42,8.77,19.2
2025-09-17 10:00:00,15.31,8.77,20.1
2025-09-17 11:00:00,14.74,8.9,19.3
2025-09-17 12:00:00,13.4,8.3,18.8
2025-09-17 13:00:00,20.99,9.01,16.9
2025-09-17 14:00:00,18.19,7.96,21.7
2025-09-17 15:00:00,16.28,8.69,22.2
2025-09-17 16:00:00,14.64,8.04,18.4
2025-09-17 17:00:00,19.3,7.98,13.9
2025-09-17 18:00:00,16.32,9.01,22.0
2025-09-17 19:00:00,16.29,8.53,21.9
2025-09-18 09:00:00,13.68,0.08,13.0
2025-09-18 10:00:00,7.8,0.01,13.9
2025-09-18 11:00:00,10.82,0.36,13.8
2025-09-18 12:00:00,12.1,0.42,11.0
2025-09-18 13:00:00,12.37,0.64,13.3
2025-09-18 14:00:00,11.61,0.45,14.4
2025-09-18 15:00:00,8.68,0.91,12.3
2025-09-18 16:00:00,13.63,0.93,10.2
2025-09-18 17:00:00,11.36,0.19,11.4
2025-09-18 18:00:00,16.25,0.0,11.8
2025-09-18 19:00:00,13.19,0.0,12.2
2025-09-19 09:00:00,24.85,0.0,12.2
2025-09-19 10:00:00,29.41,0.51,12.0
2025-09-19 11:00:00,27.29,0.0,14.9
2025-09-19 12:00:00,26.31,1.32,10.1
2025-09-19 13:00:00,29.54,0.89,12.6
2025-09-19 14:00:00,26.37,0.38,13.9
2025-09-19 15:00:00,26.19,0.0,9.3
2025-09-19 16:00:00,25.53,0.66,11.4
2025-09-19 17:00:00,28.34,0.0,11.8
2025-09-19 18:00:00,22.27,0.88,11.3
2025-09-19 19:00:00,26.74,0.07,14.1
2025-09-20 09:00:00,31.41,2.9,13.1
2025-09-20 10:00:00,33.55,3.79,9.9
2025-09-20 11:00:00,30.97,2.6,12.5
2025-09-20 12:00:00,31.15,2.32,9.0
2025-09-20 13:00:00,29.68,3.1,8.9
2025-09-20 14:00:00,31.03,3.38,11.0
2025-09-20 15:00:00,28.74,3.77,14.7
2025-09-20 16:00:00,29.28,2.94,12.3
2025-09-20 17:00:00,29.53,3.18,12.8
2025-09-20 18:00:00,26.43,3.91,11.5
2025-09-20 19:00:00,29.43,3.21,11.3
2025-09-21 09:00:00,14.5,6.46,10.2
2025-09-21 10:00:00,14.56,5.85,13.9
2025-09-21 11:00:00,9.36,5.94,11.0
2025-09-21 12:00:00,14.48,6.22,10.8
2025-09-21 13:00:00,12.19,5.93,10.4
2025-09-21 14:00:00,15.3,5.8,6.4
2025-09-21 15:00:00,12.86,5.47,8.9
2025-09-21 16:00:00,11.14,6.04,14.9
2025-09-21 17:00:00,14.24,5.68,13.1
2025-09-21 18:00:00,12.69,5.64,9.9
2025-09-21 19:00:00,10.11,5.79,12.5
2025-09-22 09:00:00,24.64,0.0,8.8
2025-09-22 10:00:00,21.42,0.0,4.3
2025-09-22 11:00:00,22.42,0.74,8.3
2025-09-22 12:00:00,25.38,0.51,5.1
2025-09-22 13:00:00,22.76,0.0,9.9
2025-09-22 14:00:00,21.03,0.7,9.1
2025-09-22 15:00:00,27.08,0.05,8.7
2025-09-22 16:00:00,27.98,0.0,4.2
2025-09-22 17:00:00,19.66,0.61,3.5
2025-09-22 18:00:00,22.68,0.47,7.6
2025-09-22 19:00:00,24.27,0.36,9.8
2025-09-23 09:00:00,19.95,0.45,9.0
2025-09-23 10:00:00,20.65,0.0,11.5
2025-09-23 11:00:00,21.33,0.37,11.7
2025-09-23 12:00:00,14.97,0.0,6.7
2025-09-23 13:00:00,19.73,0.0,9.7
2025-09-23 14:00:00,21.03,0.35,8.7
2025-09-23 15:00:00,16.31,0.0,10.6
2025-09-23 16:00:00,19.84,0.0,7.3
2025-09-23 17:00:00,14.23,0.0,12.0
2025-09-23 18:00:00,15.73,0.09,10.2
2025-09-23 19:00:00,15.78,0.09,10.0
2025-09-24 09:00:00,26.19,10.02,5.2
2025-09-24 10:00:00,24.96,9.74,4.1
2025-09-24 11:00:00,20.36,10.41,4.3
2025-09-24 12:00:00,25.35,10.63,4.4
2025-09-24 13:00:00,24.37,9.66,2.2
2025-09-24 14:00:00,26.45,10.82,3.2
2025-09-24 15:00:00,24.17,9.65,6.0
2025-09-24 16:00:00,25.41,11.08,1.9
2025-09-24 17:00:00,23.32,10.22,4.9
2025-09-24 18:00:00,23.64,9.67,5.4
2025-09-24 19:00:00,25.52,9.65,6.4
2025-09-25 09:00:00,32.13,1.47,12.5
2025-09-25 10:00:00,26.72,2.34,9.3
2025-09-25 11:00:00,34.03,1.74,12.0
2025-09-25 12:00:00,29.77,1.76,15.2
2025-09-25 13:00:00,26.05,2.54,13.1
2025-09-25 14:00:00,28.61,1.37,15.8
2025-09-25 15:00:00,29.13,1.33,14.7
2025-09-25 16:00:00,31.7,1.43,12.8
2025-09-25 17:00:00,28.97,2.45,14.5
2025-09-25 18:00:00,32.09,2.08,15.9
2025-09-25 19:00:00,31.02,1.31,13.3
2025-09-26 09:00:00,37.35,0.0,8.2
2025-09-26 10:00:00,38.76,1.16,10.6
2025-09-26 11:00:00,34.71,0.0,10.7
2025-09-26 12:00:00,38.72,0.24,10.2
2025-09-26 13:00:00,35.34,0.0,11.9
2025-09-26 14:00:00,38.34,0.0,13.4
2025-09-26 15:00:00,37.66,0.7,7.5
2025-09-26 16:00:00,33.78,0.0,11.2
2025-09-26 17:00:00,40.11,0.35,9.7
2025-09-26 18:00:00,34.46,0.62,8.3
2025-09-26 19:00:00,39.77,0.0,13.4
2025-09-27 09:00:00,27.39,1.3,9.6
2025-09-27 10:00:00,26.89,1.01,9.6
2025-09-27 11:00:00,23.82,1.32,7.4
2025-09-27 12:00:00,25.77,0.25,5.8
2025-09-27 13:00:00,25.36,0.73,13.3
2025-09-27 14:00:00,27.02,1.18,10.2
2025-09-27 15:00:00,28.34,1.05,7.0
2025-09-27 16:00:00,30.98,1.99,6.0
2025-09-27 17:00:00,26.03,0.95,7.5
2025-09-27 18:00:00,29.09,0.72,13.7
2025-09-27 19:00:00,30.45,1.2,11.5
2025-09-28 09:00:00,30.79,0.43,8.2
2025-09-28 10:00:00,27.48,0.0,7.8
2025-09-28 11:00:00,30.48,0.99,5.1
2025-09-28 12:00:00,31.65,0.74,12.5
2025-09-28 13:00:00,29.83,0.25,9.1
2025-09-28 14:00:00,31.03,0.0,8.8
2025-09-28 15:00:00,25.57,0.34,8.2
2025-09-28 16:00:00,30.19,1.02,6.6
2025-09-28 17:00:00,29.83,1.0,6.3
2025-09-28 18:00:00,29.54,0.0,9.6
2025-09-28 19:00:00,31.05,0.0,6.9
2025-09-29 09:00:00,21.19,0.38,16.3
2025-09-29 10:00:00,20.86,1.96,15.0
2025-09-29 11:00:00,22.56,1.5,16.8
2025-09-29 12:00:00,21.4,1.22,18.7
2025-09-29 13:00:00,22.13,1.56,11.6
2025-09-29 14:00:00,17.78,1.41,14.4
2025-09-29 15:00:00,19.13,1.34,17.3
2025-09-29 16:00:00,21.75,0.7,13.9
2025-09-29 17:00:00,18.75,1.07,13.3
2025-09-29 18:00:00,19.4,0.64,13.9
2025-09-29 19:00:00,19.23,0.0,18.2
2025-09-30 09:00:00,28.19,1.22,15.9
2025-09-30 10:00:00,30.85,0.88,12.4
2025-09-30 11:00:00,27.86,0.17,12.4
2025-09-30 12:00:00,29.62,0.26,11.9
2025-09-30 13:00:00,30.37,0.4,10.0
2025-09-30 14:00:00,29.1,0.0,14.0
2025-09-30 15:00:00,26.32,0.95,14.9
2025-09-30 16:00:00,29.93,0.0,11.4
2025-09-30 17:00:00,30.4,0.0,11.1
2025-09-30 18:00:00,33.59,0.7,10.2
2025-09-30 19:00:00,27.34,0.21,11.7
2025-10-01 09:00:00,30.85,0.41,14.5
2025-10-01 10:00:00,26.61,0.0,16.9
2025-10-01 11:00:00,25.72,0.02,14.7
2025-10-01 12:00:00,25.97,0.0,15.2
2025-10-01 13:00:00,26.86,0.25,13.5
2025-10-01 14:00:00,29.42,0.0,18.0
2025-10-01 15:00:00,23.48,0.22,15.5
2025-10-01 16:00:00,25.39,0.21,17.1
2025-10-01 17:00:00,22.54,0.25,9.6
2025-10-01 18:00:00,25.05,0.81,13.4
2025-10-01 19:00:00,24.63,0.0,18.7
2025-10-02 09:00:00,16.73,0.0,17.0
2025-10-02 10:00:00,17.2,0.8,20.8
2025-10-02 11:00:00,11.39,0.0,19.2
2025-10-02 12:00:00,13.67,0.73,21.2
2025-10-02 13:00:00,10.86,0.69,20.1
2025-10-02 14:00:00,14.38,0.73,17.3
2025-10-02 15:00:00,12.94,0.0,16.4
2025-10-02 16:00:00,13.7,1.26,15.8
2025-10-02 17:00:00,12.95,0.32,19.7
2025-10-02 18:00:00,12.78,0.0,20.0
2025-10-02 19:00:00,11.5,0.0,21.9
2025-10-03 09:00:00,31.9,1.77,15.0
2025-10-03 10:00:00,29.16,2.31,13.8
2025-10-03 11:00:00,30.14,1.02,13.7
2025-10-03 12:00:00,28.09,1.34,11.5
2025-10-03 13:00:00,27.62,2.72,15.8
2025-10-03 14:00:00,33.59,1.04,13.3
2025-10-03 15:00:00,27.16,1.31,11.3
2025-10-03 16:00:00,32.23,1.46,15.3
2025-10-03 17:00:00,30.96,2.81,10.2
2025-10-03 18:00:00,32.27,2.23,11.2
2025-10-03 19:00:00,31.76,1.82,12.7
2025-10-04 09:00:00,19.06,0.39,20.7
2025-10-04 10:00:00,17.5,0.54,19.5
2025-10-04 11:00:00,18.23,0.02,22.5
2025-10-04 12:00:00,18.7,0.2,23.6
2025-10-04 13:00:00,20.53,0.0,21.7
2025-10-04 14:00:00,21.45,0.45,19.5
2025-10-04 15:00:00,19.76,0.0,22.3
2025-10-04 16:00:00,22.85,0.0,20.6
2025-10-04 17:00:00,20.58,0.0,21.0
2025-10-04 18:00:00,20.25,0.0,21.8
2025-10-04 19:00:00,20.54,0.21,22.8
2025-10-05 09:00:00,22.88,2.36,11.0
2025-10-05 10:00:00,19.99,2.59,9.8
2025-10-05 11:00:00,19.74,2.74,11.8
2025-10-05 12:00:00,23.53,2.39,12.2
2025-10-05 13:00:00,23.07,2.83,9.7
2025-10-05 14:00:00,22.26,2.79,11.4
2025-10-05 15:00:00,17.79,2.69,15.8
2025-10-05 16:00:00,21.25,2.25,12.1
2025-10-05 17:00:00,22.59,3.21,8.9
2025-10-05 18:00:00,23.43,2.91,11.1
2025-10-05 19:00:00,22.64,3.12,13.1
2025-10-06 09:00:00,17.29,4.0,11.4
2025-10-06 10:00:00,19.53,3.92,9.4
2025-10-06 11:00:00,16.35,4.05,14.1
2025-10-06 12:00:00,18.35,3.54,16.6
2025-10-06 13:00:00,17.67,4.6,11.4
2025-10-06 14:00:00,18.21,4.38,14.1
2025-10-06 15:00:00,19.26,4.4,11.0
2025-10-06 16:00:00,16.0,4.13,13.5
2025-10-06 17:00:00,16.7,4.49,14.6
2025-10-06 18:00:00,15.31,3.54,11.4
2025-10-06 19:00:00,17.76,3.7,14.4
2025-10-07 09:00:00,23.91,1.76,0.6
2025-10-07 10:00:00,28.57,1.54,11.3
2025-10-07 11:00:00,31.16,1.53,4.6
2025-10-07 12:00:00,28.54,2.47,1.5
2025-10-07 13:00:00,22.97,1.31,6.0
2025-10-07 14:00:00,27.54,2.15,2.4
2025-10-07 15:00:00,21.91,2.05,3.2
2025-10-07 16:00:00,22.51,1.69,6.4
2025-10-07 17:00:00,26.3,1.39,4.5
2025-10-07 18:00:00,25.8,0.94,3.4
2025-10-07 19:00:00,27.59,1.78,5.2
2025-10-08 09:00:00,18.39,1.67,0.0
2025-10-08 10:00:00,16.86,1.12,3.6
2025-10-08 11:00:00,17.13,0.61,0.0
2025-10-08 12:00:00,18.24,1.98,1.7
2025-10-08 13:00:00,17.98,1.12,1.1
2025-10-08 14:00:00,16.4,1.37,1.6
2025-10-08 15:00:00,18.06,0.47,3.7
2025-10-08 16:00:00,19.36,0.68,3.1
2025-10-08 17:00:00,17.03,0.56,0.0
2025-10-08 18:00:00,14.49,1.19,0.0
2025-10-08 19:00:00,15.57,0.0,0.9
2025-10-09 09:00:00,20.75,0.75,5.7
2025-10-09 10:00:00,23.73,0.08,7.1
2025-10-09 11:00:00,25.7,0.81,6.0
2025-10-09 12:00:00,23.61,0.4,6.8
2025-10-09 13:00:00,22.45,0.44,7.2
2025-10-09 14:00:00,21.11,0.01,4.0
2025-10-09 15:00:00,19.9,0.0,7.1
2025-10-09 16:00:00,21.31,0.78,6.9
2025-10-09 17:00:00,19.16,0.85,8.4
2025-10-09 18:00:00,21.11,0.73,5.1
2025-10-09 19:00:00,23.29,0.0,3.2
2025-10-10 09:00:00,19.34,0.93,10.6
2025-10-10 10:00:00,21.61,1.22,8.7
2025-10-10 11:00:00,24.05,0.54,11.0
2025-10-10 12:00:00,24.07,1.37,9.6
2025-10-10 13:00:00,20.65,1.65,7.2
2025-10-10 14:00:00,19.76,0.93,12.5
2025-10-10 15:00:00,22.46,0.64,9.4
2025-10-10 16:00:00,20.47,0.77,12.0
2025-10-10 17:00:00,18.96,1.93,11.7
2025-10-10 18:00:00,23.88,0.9,9.7
2025-10-10 19:00:00,18.84,0.87,11.0
2025-10-11 09:00:00,31.47,0.0,11.4
2025-10-11 10:00:00,30.33,0.0,9.3
2025-10-11 11:00:00,30.2,0.0,9.7
2025-10-11 12:00:00,31.03,0.0,10.8
2025-10-11 13:00:00,35.08,0.07,12.2
2025-10-11 14:00:00,29.0,0.08,8.0
2025-10-11 15:00:00,28.82,0.0,12.6
2025-10-11 16:00:00,33.68,0.12,7.1
2025-10-11 17:00:00,31.38,0.15,10.5
2025-10-11 18:00:00,28.09,0.0,10.0
2025-10-11 19:00:00,32.85,0.0,9.8
2025-10-12 09:00:00,26.02,3.65,11.6
2025-10-12 10:00:00,24.07,4.55,18.3
2025-10-12 11:00:00,26.28,4.26,16.2
2025-10-12 12:00:00,23.75,3.98,18.8
2025-10-12 13:00:00,22.97,4.86,14.8
2025-10-12 14:00:00,27.51,3.35,16.6
2025-10-12 15:00:00,23.38,3.34,15.9
2025-10-12 16:00:00,26.88,3.63,12.5
2025-10-12 17:00:00,24.67,4.01,16.6
2025-10-12 18:00:00,26.76,4.02,19.2
2025-10-12 19:00:00,25.31,3.88,12.2
2025-10-13 09:00:00,23.35,0.0,17.1
2025-10-13 10:00:00,23.77,1.25,18.6
2025-10-13 11:00:00,23.95,0.52,17.6
2025-10-13 12:00:00,24.92,0.0,16.1
2025-10-13 13:00:00,20.88,0.68,19.3
2025-10-13 14:00:00,21.23,0.0,16.0
2025-10-13 15:00:00,24.25,0.76,17.7
2025-10-13 16:00:00,21.86,0.0,17.8
2025-10-13 17:00:00,20.76,1.58,17.9
2025-10-13 18:00:00,21.26,0.19,16.6
2025-10-13 19:00:00,21.95,1.05,17.2
2025-10-14 09:00:00,21.15,6.87,13.0
2025-10-14 10:00:00,20.23,6.23,16.3
2025-10-14 11:00:00,22.19,6.97,10.0
2025-10-14 12:00:00,20.31,7.21,13.0
2025-10-14 13:00:00,19.99,7.42,15.1
2025-10-14 14:00:00,20.75,6.65,15.0
2025-10-14 15:00:00,22.89,8.75,10.0
2025-10-14 16:00:00,20.1,6.13,13.4
2025-10-14 17:00:00,18.51,8.13,10.7
2025-10-14 18:00:00,16.23,6.94,8.3
2025-10-14 19:00:00,21.11,6.14,12.3
2025-10-15 09:00:00,12.25,0.11,20.2
2025-10-15 10:00:00,11.57,0.78,17.5
2025-10-15 11:00:00,12.72,0.0,19.0
2025-10-15 12:00:00,10.56,0.86,20.3
2025-10-15 13:00:00,8.72,0.05,20.6
2025-10-15 14:00:00,11.37,0.25,19.3
2025-10-15 15:00:00,12.93,0.28,20.0
2025-10-15 16:00:00,15.87,0.0,16.5
2025-10-15 17:00:00,13.1,0.2,19.6
2025-10-15 18:00:00,9.97,0.41,23.4
2025-10-15 19:00:00,13.14,0.97,17.4
2025-10-16 09:00:00,19.01,0.26,7.5
2025-10-16 10:00:00,17.05,0.0,8.4
2025-10-16 11:00:00,18.62,0.0,8.6
2025-10-16 12:00:00,18.96,0.0,9.4
2025-10-16 13:00:00,22.72,0.0,8.7
2025-10-16 14:00:00,15.62,0.09,8.9
2025-10-16 15:00:00,17.48,0.0,8.4
2025-10-16 16:00:00,20.02,0.22,9.9
2025-10-16 17:00:00,16.62,0.37,8.5
2025-10-16 18:00:00,15.19,0.16,6.0
2025-10-16 19:00:00,15.83,0.09,8.5
2025-10-17 09:00:00,15.46,3.89,14.6
2025-10-17 10:00:00,15.97,4.72,14.1
2025-10-17 11:00:00,12.85,4.47,14.2
2025-10-17 12:00:00,18.13,4.31,18.2
2025-10-17 13:00:00,13.04,5.32,14.4
2025-10-17 14:00:00,18.58,4.7,17.1
2025-10-17 15:00:00,16.09,4.11,17.7
2025-10-17 16:00:00,16.64,4.77,17.3
2025-10-17 17:00:00,14.8,4.96,13.7
2025-10-17 18:00:00,16.6,4.7,11.9
2025-10-17 19:00:00,15.31,5.34,16.6
2025-10-18 09:00:00,26.34,2.13,11.0
2025-10-18 10:00:00,25.92,1.84,13.6
2025-10-18 11:00:00,20.56,3.04,9.8
2025-10-18 12:00:00,23.14,1.28,9.6
2025-10-18 13:00:00,21.54,1.93,10.3
2025-10-18 14:00:00,25.54,2.33,11.1
2025-10-18 15:00:00,21.43,1.79,14.1
2025-10-18 16:00:00,22.15,3.06,10.0
2025-10-18 17:00:00,23.63,2.76,13.1
2025-10-18 18:00:00,23.4,2.04,10.4
2025-10-18 19:00:00,24.3,2.68,10.5
2025-10-19 09:00:00,28.34,5.66,8.6
2025-10-19 10:00:00,28.49,6.37,12.9
2025-10-19 11:00:00,28.2,6.38,16.2
2025-10-19 12:00:00,27.89,6.04,15.9
2025-10-19 13:00:00,27.28,6.68,13.0
2025-10-19 14:00:00,26.41,6.46,13.9
2025-10-19 15:00:00,28.67,6.28,10.2
2025-10-19 16:00:00,26.85,6.81,13.3
2025-10-19 17:00:00,27.22,6.91,12.5
2025-10-19 18:00:00,24.63,6.33,12.9
2025-10-19 19:00:00,25.78,6.33,14.9
2025-10-20 09:00:00,23.26,2.56,20.0
2025-10-20 10:00:00,22.25,2.13,20.1
2025-10-20 11:00:00,24.66,3.6,19.6
2025-10-20 12:00:00,23.11,2.39,21.9
2025-10-20 13:00:00,24.47,3.06,16.2
2025-10-20 14:00:00,19.17,2.17,23.3
2025-10-20 15:00:00,20.81,0.92,22.2
2025-10-20 16:00:00,24.43,1.88,19.1
2025-10-20 17:00:00,22.0,2.48,19.8
2025-10-20 18:00:00,24.93,0.99,19.4
2025-10-20 19:00:00,21.69,2.29,20.0
2025-10-21 09:00:00,29.9,0.93,11.3
2025-10-21 10:00:00,29.44,0.0,7.4
2025-10-21 11:00:00,30.48,0.0,14.6
2025-10-21 12:00:00,26.04,0.26,16.0
2025-10-21 13:00:00,29.63,0.14,12.2
2025-10-21 14:00:00,25.65,0.68,11.0
2025-10-21 15:00:00,29.8,0.0,9.9
2025-10-21 16:00:00,31.66,0.0,15.1
2025-10-21 17:00:00,28.63,0.0,14.0
2025-10-21 18:00:00,27.61,0.35,12.3
2025-10-21 19:00:00,25.7,0.08,16.6
2025-10-22 09:00:00,27.38,1.43,15.2
2025-10-22 10:00:00,27.43,1.85,15.7
2025-10-22 11:00:00,29.81,1.28,15.6
2025-10-22 12:00:00,28.95,1.18,18.9
2025-10-22 13:00:00,26.37,1.3,18.4
2025-10-22 14:00:00,27.54,0.33,15.1
2025-10-22 15:00:00,28.82,1.26,16.3
2025-10-22 16:00:00,24.24,0.79,13.3
2025-10-22 17:00:00,26.76,1.03,15.4
2025-10-22 18:00:00,26.82,1.51,21.6
2025-10-22 19:00:00,23.93,1.91,19.3
2025-10-23 09:00:00,19.7,2.86,10.9
2025-10-23 10:00:00,20.34,1.89,6.7
2025-10-23 11:00:00,18.91,2.71,6.7
2025-10-23 12:00:00,17.22,2.17,7.7
2025-10-23 13:00:00,17.74,1.9,7.0
2025-10-23 14:00:00,17.38,2.46,7.1
2025-10-23 15:00:00,16.13,1.79,11.2
2025-10-23 16:00:00,18.93,1.88,9.8
2025-10-23 17:00:00,15.83,2.36,10.5
2025-10-23 18:00:00,18.51,2.61,7.5
2025-10-23 19:00:00,21.58,2.19,9.0
